日期（Unix time）,第1近大台期貨距到期日秒數,第1近大台期貨開盤價,第1近大台期貨收盤價,第1近大台期貨成交量,第1近大台期貨未沖銷契約數,第2近大台期貨距到期日秒數,第2近大台期貨開盤價,第2近大台期貨收盤價,第2近大台期貨成交量,第2近大台期貨未沖銷契約數,第3近大台期貨距到期日秒數,第3近大台期貨開盤價,第3近大台期貨收盤價,第3近大台期貨成交量,第3近大台期貨未沖銷契約數,第4近大台期貨距到期日秒數,第4近大台期貨開盤價,第4近大台期貨收盤價,第4近大台期貨成交量,第4近大台期貨未沖銷契約數,第5近大台期貨距到期日秒數,第5近大台期貨開盤價,第5近大台期貨收盤價,第5近大台期貨成交量,第5近大台期貨未沖銷契約數,第6近大台期貨距到期日秒數,第6近大台期貨開盤價,第6近大台期貨收盤價,第6近大台期貨成交量,第6近大台期貨未沖銷契約數
1641139200.000000,1431000.000000,18288.000000,18273.000000,96972.000000,82046.000000,3850200.000000,18240.000000,18244.000000,839.000000,4035.000000,6269400.000000,18169.000000,18186.000000,193.000000,3889.000000,14131800.000000,18090.000000,18046.000000,34.000000,592.000000,22599000.000000,17700.000000,17659.000000,19.000000,218.000000,30461400.000000,17610.000000,17545.000000,6.000000,46.000000
1641225600.000000,1344600.000000,18361.000000,18516.000000,90796.000000,84180.000000,3763800.000000,18321.000000,18480.000000,974.000000,4144.000000,6183000.000000,18271.000000,18420.000000,221.000000,3976.000000,14045400.000000,18130.000000,18300.000000,48.000000,623.000000,22512600.000000,17772.000000,17897.000000,16.000000,220.000000,30375000.000000,17679.000000,17800.000000,28.000000,55.000000
1641312000.000000,1258200.000000,18480.000000,18480.000000,82044.000000,83973.000000,3677400.000000,18468.000000,18446.000000,1095.000000,4680.000000,6096600.000000,18403.000000,18387.000000,67.000000,4043.000000,13959000.000000,18303.000000,18252.000000,29.000000,649.000000,22426200.000000,17905.000000,17842.000000,12.000000,224.000000,30288600.000000,17797.000000,17768.000000,22.000000,59.000000
1641398400.000000,1171800.000000,18345.000000,18335.000000,119801.000000,80441.000000,3591000.000000,18320.000000,18305.000000,1964.000000,5758.000000,6010200.000000,18280.000000,18250.000000,367.000000,4261.000000,13872600.000000,18125.000000,18133.000000,62.000000,683.000000,22339800.000000,17715.000000,17723.000000,19.000000,225.000000,30202200.000000,17669.000000,17659.000000,27.000000,70.000000
1641484800.000000,1085400.000000,18459.000000,18143.000000,137788.000000,77829.000000,3504600.000000,18414.000000,18119.000000,1803.000000,6515.000000,5923800.000000,18314.000000,18060.000000,368.000000,4485.000000,13786200.000000,18210.000000,17930.000000,35.000000,689.000000,22253400.000000,17829.000000,17535.000000,45.000000,218.000000,30115800.000000,17762.000000,17474.000000,47.000000,96.000000
1641744000.000000,826200.000000,18075.000000,18258.000000,96625.000000,77007.000000,3245400.000000,18046.000000,18233.000000,1470.000000,6982.000000,5664600.000000,18000.000000,18169.000000,262.000000,4686.000000,13527000.000000,17830.000000,18021.000000,25.000000,699.000000,21994200.000000,17470.000000,17640.000000,19.000000,226.000000,29856600.000000,17400.000000,17586.000000,26.000000,110.000000
1641830400.000000,739800.000000,18200.000000,18280.000000,119585.000000,75284.000000,3159000.000000,18166.000000,18247.000000,2200.000000,7920.000000,5578200.000000,18142.000000,18188.000000,331.000000,4953.000000,13440600.000000,17900.000000,18057.000000,20.000000,699.000000,21907800.000000,17613.000000,17600.000000,16.000000,227.000000,29770200.000000,17490.000000,17603.000000,7.000000,109.000000
1641916800.000000,653400.000000,18403.000000,18375.000000,90837.000000,72097.000000,3072600.000000,18359.000000,18340.000000,3063.000000,9280.000000,5491800.000000,18301.000000,18283.000000,420.000000,5344.000000,13354200.000000,18162.000000,18147.000000,14.000000,698.000000,21821400.000000,17754.000000,17730.000000,42.000000,246.000000,29683800.000000,17684.000000,17666.000000,24.000000,117.000000
1642003200.000000,567000.000000,18433.000000,18425.000000,95326.000000,71396.000000,2986200.000000,18396.000000,18390.000000,3199.000000,10705.000000,5405400.000000,18351.000000,18332.000000,382.000000,5532.000000,13267800.000000,18222.000000,18208.000000,19.000000,687.000000,21735000.000000,17768.000000,17808.000000,8.000000,252.000000,29597400.000000,17730.000000,17723.000000,18.000000,119.000000
1642089600.000000,480600.000000,18549.000000,18357.000000,158202.000000,64954.000000,2899800.000000,18519.000000,18325.000000,9109.000000,14625.000000,5319000.000000,18459.000000,18271.000000,707.000000,5885.000000,13181400.000000,18279.000000,18134.000000,36.000000,693.000000,21648600.000000,17846.000000,17748.000000,22.000000,261.000000,29511000.000000,17801.000000,17676.000000,25.000000,129.000000
1642348800.000000,221400.000000,18417.000000,18509.000000,117616.000000,50573.000000,2640600.000000,18381.000000,18470.000000,26440.000000,34174.000000,5059800.000000,18339.000000,18412.000000,461.000000,6041.000000,12922200.000000,18186.000000,18278.000000,32.000000,690.000000,21389400.000000,17825.000000,17900.000000,8.000000,255.000000,29251800.000000,17699.000000,17814.000000,20.000000,136.000000
1642435200.000000,135000.000000,18531.000000,18349.000000,129157.000000,26909.000000,2554200.000000,18460.000000,18314.000000,36908.000000,57671.000000,4973400.000000,18431.000000,18253.000000,626.000000,6176.000000,12835800.000000,18263.000000,18140.000000,59.000000,693.000000,21303000.000000,17850.000000,17732.000000,25.000000,258.000000,29165400.000000,17766.000000,17653.000000,25.000000,141.000000
1642521600.000000,48600.000000,18261.000000,18218.000000,72718.000000,15045.000000,2467800.000000,18258.000000,18143.000000,63239.000000,70843.000000,4887000.000000,18211.000000,18092.000000,736.000000,6475.000000,12749400.000000,18067.000000,17996.000000,57.000000,729.000000,21216600.000000,17646.000000,17577.000000,36.000000,257.000000,29079000.000000,17571.000000,17486.000000,25.000000,152.000000
1642608000.000000,2381400.000000,18203.000000,18226.000000,119191.000000,74958.000000,4800600.000000,18156.000000,18168.000000,1032.000000,6967.000000,7824600.000000,18116.000000,18148.000000,47.000000,39.000000,12663000.000000,18038.000000,18070.000000,61.000000,747.000000,21130200.000000,17606.000000,17637.000000,32.000000,267.000000,28992600.000000,17511.000000,17572.000000,23.000000,170.000000
1642694400.000000,2295000.000000,18026.000000,17895.000000,157754.000000,78033.000000,4714200.000000,17990.000000,17840.000000,1503.000000,7588.000000,7738200.000000,17917.000000,17793.000000,88.000000,114.000000,12576600.000000,17900.000000,17726.000000,56.000000,759.000000,21043800.000000,17500.000000,17307.000000,57.000000,263.000000,28906200.000000,17298.000000,17233.000000,30.000000,188.000000
1642953600.000000,2035800.000000,17736.000000,17957.000000,133779.000000,75400.000000,4455000.000000,17679.000000,17905.000000,978.000000,7800.000000,7479000.000000,17679.000000,17864.000000,231.000000,320.000000,12317400.000000,17613.000000,17790.000000,66.000000,771.000000,20784600.000000,17208.000000,17367.000000,28.000000,260.000000,28647000.000000,17124.000000,17293.000000,31.000000,207.000000
1643040000.000000,1949400.000000,17790.000000,17678.000000,158896.000000,77596.000000,4368600.000000,17749.000000,17625.000000,1272.000000,8669.000000,7392600.000000,17705.000000,17578.000000,145.000000,411.000000,12231000.000000,17563.000000,17502.000000,45.000000,780.000000,20698200.000000,17178.000000,17080.000000,40.000000,280.000000,28560600.000000,17034.000000,17012.000000,15.000000,220.000000
1643126400.000000,1863000.000000,17683.000000,17625.000000,96254.000000,73654.000000,4282200.000000,17629.000000,17570.000000,1536.000000,9637.000000,7306200.000000,17562.000000,17531.000000,25.000000,427.000000,12144600.000000,17506.000000,17455.000000,51.000000,811.000000,20611800.000000,17091.000000,17035.000000,23.000000,272.000000,28474200.000000,17021.000000,16964.000000,16.000000,221.000000
1644163200.000000,826200.000000,17797.000000,17899.000000,113464.000000,74145.000000,3245400.000000,17700.000000,17846.000000,1731.000000,10314.000000,6269400.000000,17690.000000,17795.000000,71.000000,457.000000,11107800.000000,17571.000000,17726.000000,59.000000,810.000000,19575000.000000,17172.000000,17300.000000,8.000000,277.000000,27437400.000000,17170.000000,17208.000000,6.000000,218.000000
1644249600.000000,739800.000000,17960.000000,17942.000000,89700.000000,73887.000000,3159000.000000,17894.000000,17889.000000,1697.000000,11020.000000,6183000.000000,17878.000000,17850.000000,115.000000,544.000000,11021400.000000,17806.000000,17768.000000,28.000000,797.000000,19488600.000000,17400.000000,17428.000000,6.000000,278.000000,27351000.000000,17310.000000,17280.000000,28.000000,232.000000
1644336000.000000,653400.000000,18068.000000,18167.000000,72278.000000,74614.000000,3072600.000000,18005.000000,18113.000000,1929.000000,11696.000000,6096600.000000,17965.000000,18073.000000,93.000000,575.000000,10935000.000000,17888.000000,17985.000000,93.000000,806.000000,19402200.000000,17475.000000,17571.000000,26.000000,281.000000,27264600.000000,17435.000000,17450.000000,8.000000,225.000000
1644422400.000000,567000.000000,18230.000000,18337.000000,95136.000000,72304.000000,2986200.000000,18179.000000,18280.000000,3173.000000,13063.000000,6010200.000000,18121.000000,18235.000000,150.000000,599.000000,10848600.000000,18033.000000,18154.000000,34.000000,821.000000,19315800.000000,17600.000000,17726.000000,23.000000,291.000000,27178200.000000,17543.000000,17657.000000,28.000000,230.000000
1644508800.000000,480600.000000,18202.000000,18275.000000,87617.000000,68582.000000,2899800.000000,18168.000000,18226.000000,5267.000000,15758.000000,5923800.000000,18146.000000,18173.000000,100.000000,638.000000,10762200.000000,18053.000000,18093.000000,21.000000,840.000000,19229400.000000,17638.000000,17663.000000,13.000000,301.000000,27091800.000000,17571.000000,17590.000000,25.000000,230.000000
1644768000.000000,221400.000000,18099.000000,17977.000000,137955.000000,45324.000000,2640600.000000,18065.000000,17930.000000,30885.000000,35392.000000,5664600.000000,18046.000000,17900.000000,478.000000,928.000000,10503000.000000,17940.000000,17812.000000,234.000000,972.000000,18970200.000000,17419.000000,17381.000000,101.000000,388.000000,26832600.000000,17499.000000,17328.000000,17.000000,244.000000
1644854400.000000,135000.000000,17922.000000,17953.000000,114065.000000,24861.000000,2554200.000000,17880.000000,17922.000000,34037.000000,53042.000000,5578200.000000,17858.000000,17880.000000,253.000000,897.000000,10416600.000000,17820.000000,17798.000000,164.000000,990.000000,18883800.000000,17408.000000,17320.000000,46.000000,432.000000,26746200.000000,17350.000000,17281.000000,24.000000,232.000000
1644940800.000000,48600.000000,18184.000000,18207.000000,63453.000000,13872.000000,2467800.000000,18168.000000,18213.000000,52439.000000,66213.000000,5491800.000000,18122.000000,18180.000000,571.000000,1323.000000,10330200.000000,18040.000000,18100.000000,107.000000,1041.000000,18797400.000000,17600.000000,17627.000000,105.000000,511.000000,26659800.000000,17528.000000,17566.000000,27.000000,246.000000
1645027200.000000,2381400.000000,18269.000000,18243.000000,110179.000000,71878.000000,5405400.000000,18228.000000,18207.000000,878.000000,1622.000000,7824600.000000,18194.000000,18177.000000,49.000000,25.000000,10243800.000000,18150.000000,18120.000000,142.000000,1089.000000,18711000.000000,17679.000000,17645.000000,49.000000,522.000000,26573400.000000,17609.000000,17570.000000,23.000000,260.000000
1645113600.000000,2295000.000000,18065.000000,18226.000000,96351.000000,75330.000000,5319000.000000,18026.000000,18192.000000,756.000000,2125.000000,7738200.000000,18007.000000,18151.000000,94.000000,110.000000,10157400.000000,17942.000000,18131.000000,88.000000,1113.000000,18624600.000000,17490.000000,17645.000000,15.000000,525.000000,26487000.000000,17400.000000,17575.000000,8.000000,264.000000
1645372800.000000,2035800.000000,18001.000000,18210.000000,95874.000000,74692.000000,5059800.000000,17992.000000,18177.000000,700.000000,2400.000000,7479000.000000,17930.000000,18147.000000,156.000000,223.000000,9898200.000000,17890.000000,18109.000000,87.000000,1197.000000,18365400.000000,17400.000000,17635.000000,32.000000,529.000000,26227800.000000,17353.000000,17536.000000,16.000000,273.000000
1645459200.000000,1949400.000000,17990.000000,17878.000000,144406.000000,72558.000000,4973400.000000,17973.000000,17849.000000,1176.000000,3016.000000,7392600.000000,17941.000000,17819.000000,207.000000,346.000000,9811800.000000,17876.000000,17791.000000,155.000000,1184.000000,18279000.000000,17400.000000,17309.000000,40.000000,518.000000,26141400.000000,17301.000000,17235.000000,57.000000,266.000000
1645545600.000000,1863000.000000,17954.000000,18042.000000,83991.000000,71178.000000,4887000.000000,17920.000000,18013.000000,813.000000,3415.000000,7306200.000000,17878.000000,17975.000000,80.000000,398.000000,9725400.000000,17835.000000,17928.000000,80.000000,1202.000000,18192600.000000,17314.000000,17420.000000,99.000000,596.000000,26055000.000000,17284.000000,17372.000000,16.000000,277.000000
1645632000.000000,1776600.000000,17811.000000,17516.000000,187058.000000,76370.000000,4800600.000000,17803.000000,17485.000000,1370.000000,4220.000000,7219800.000000,17746.000000,17461.000000,213.000000,370.000000,9639000.000000,17701.000000,17442.000000,125.000000,1187.000000,18106200.000000,17177.000000,16923.000000,132.000000,714.000000,25968600.000000,17051.000000,16850.000000,58.000000,276.000000
1645718400.000000,1690200.000000,17660.000000,17606.000000,129514.000000,71893.000000,4714200.000000,17607.000000,17580.000000,974.000000,4431.000000,7133400.000000,17604.000000,17555.000000,110.000000,417.000000,9552600.000000,17520.000000,17493.000000,61.000000,1179.000000,18019800.000000,17080.000000,17010.000000,30.000000,722.000000,25882200.000000,17011.000000,16917.000000,9.000000,281.000000
1646064000.000000,1344600.000000,17756.000000,17911.000000,109687.000000,74637.000000,4368600.000000,17717.000000,17888.000000,820.000000,4534.000000,6787800.000000,17704.000000,17853.000000,79.000000,423.000000,9207000.000000,17629.000000,17815.000000,38.000000,1207.000000,17674200.000000,17175.000000,17302.000000,40.000000,740.000000,25536600.000000,17100.000000,17234.000000,32.000000,290.000000
1646150400.000000,1258200.000000,17788.000000,17844.000000,94806.000000,73227.000000,4282200.000000,17761.000000,17815.000000,1080.000000,5180.000000,6701400.000000,17742.000000,17779.000000,27.000000,415.000000,9120600.000000,17674.000000,17758.000000,93.000000,1250.000000,17587800.000000,17225.000000,17217.000000,83.000000,814.000000,25450200.000000,17091.000000,17158.000000,14.000000,289.000000
1646236800.000000,1171800.000000,17942.000000,17929.000000,77058.000000,71665.000000,4195800.000000,17901.000000,17902.000000,1107.000000,5748.000000,6615000.000000,17892.000000,17872.000000,26.000000,427.000000,9034200.000000,17849.000000,17830.000000,19.000000,1252.000000,17501400.000000,17316.000000,17279.000000,23.000000,834.000000,25363800.000000,17250.000000,17220.000000,5.000000,294.000000
1646323200.000000,1085400.000000,17608.000000,17666.000000,118785.000000,71652.000000,4109400.000000,17608.000000,17641.000000,1316.000000,6367.000000,6528600.000000,17563.000000,17620.000000,75.000000,434.000000,8947800.000000,17570.000000,17582.000000,78.000000,1283.000000,17415000.000000,17000.000000,17049.000000,155.000000,946.000000,25277400.000000,16988.000000,16971.000000,28.000000,288.000000
1646582400.000000,826200.000000,17362.000000,17058.000000,157085.000000,73413.000000,3850200.000000,17380.000000,17036.000000,3576.000000,7666.000000,6269400.000000,17400.000000,17020.000000,250.000000,430.000000,8688600.000000,17304.000000,16978.000000,121.000000,1323.000000,17155800.000000,16670.000000,16423.000000,203.000000,1059.000000,25018200.000000,16711.000000,16380.000000,57.000000,306.000000
1646668800.000000,739800.000000,16840.000000,16702.000000,160675.000000,67505.000000,3763800.000000,16789.000000,16670.000000,3503.000000,9415.000000,6183000.000000,16850.000000,16673.000000,139.000000,403.000000,8602200.000000,16800.000000,16622.000000,140.000000,1373.000000,17069400.000000,16241.000000,16078.000000,63.000000,1056.000000,24931800.000000,16180.000000,16006.000000,64.000000,298.000000
1646755200.000000,653400.000000,16890.000000,16946.000000,115509.000000,63779.000000,3677400.000000,16850.000000,16913.000000,4218.000000,12756.000000,6096600.000000,16798.000000,16885.000000,158.000000,425.000000,8515800.000000,16796.000000,16842.000000,102.000000,1390.000000,16983000.000000,16273.000000,16290.000000,37.000000,1057.000000,24845400.000000,16193.000000,16197.000000,28.000000,295.000000
1646841600.000000,567000.000000,17301.000000,17437.000000,102545.000000,61920.000000,3591000.000000,17280.000000,17398.000000,3878.000000,14759.000000,6010200.000000,17220.000000,17364.000000,137.000000,449.000000,8429400.000000,17169.000000,17293.000000,104.000000,1429.000000,16896600.000000,16585.000000,16712.000000,102.000000,1055.000000,24759000.000000,16568.000000,16644.000000,30.000000,282.000000
1646928000.000000,480600.000000,17372.000000,17220.000000,95875.000000,57799.000000,3504600.000000,17339.000000,17194.000000,4280.000000,16740.000000,5923800.000000,17289.000000,17165.000000,112.000000,493.000000,8343000.000000,17250.000000,17082.000000,63.000000,1465.000000,16810200.000000,16558.000000,16493.000000,15.000000,1058.000000,24672600.000000,16532.000000,16412.000000,31.000000,263.000000
1647187200.000000,221400.000000,17289.000000,17239.000000,120161.000000,40641.000000,3245400.000000,17209.000000,17208.000000,25085.000000,33530.000000,5664600.000000,17223.000000,17166.000000,173.000000,559.000000,8083800.000000,17182.000000,17107.000000,54.000000,1491.000000,16551000.000000,16619.000000,16546.000000,22.000000,1058.000000,24413400.000000,16432.000000,16418.000000,23.000000,271.000000
1647273600.000000,135000.000000,17177.000000,16882.000000,141872.000000,25254.000000,3159000.000000,17167.000000,16825.000000,39526.000000,56586.000000,5578200.000000,17105.000000,16797.000000,410.000000,686.000000,7997400.000000,17040.000000,16773.000000,133.000000,1572.000000,16464600.000000,16470.000000,16190.000000,51.000000,1053.000000,24327000.000000,16305.000000,16098.000000,44.000000,282.000000
1647360000.000000,48600.000000,17080.000000,16937.000000,76060.000000,13237.000000,3072600.000000,16984.000000,16933.000000,70598.000000,64419.000000,5491800.000000,16958.000000,16900.000000,420.000000,854.000000,7911000.000000,16930.000000,16855.000000,119.000000,1584.000000,16378200.000000,16342.000000,16216.000000,11.000000,1044.000000,24240600.000000,16250.000000,16160.000000,20.000000,285.000000
1647446400.000000,2986200.000000,17339.000000,17446.000000,129146.000000,72539.000000,5405400.000000,17329.000000,17412.000000,806.000000,1133.000000,7824600.000000,17256.000000,17369.000000,130.000000,1565.000000,16291800.000000,16599.000000,16769.000000,35.000000,1051.000000,24154200.000000,16508.000000,16675.000000,47.000000,305.000000,31411800.000000,16559.000000,16625.000000,74.000000,55.000000
1647532800.000000,2899800.000000,17441.000000,17391.000000,96826.000000,71204.000000,5319000.000000,17401.000000,17353.000000,686.000000,1707.000000,7738200.000000,17347.000000,17325.000000,134.000000,1630.000000,16205400.000000,16756.000000,16745.000000,32.000000,1055.000000,24067800.000000,16651.000000,16608.000000,22.000000,295.000000,31325400.000000,16585.000000,16547.000000,25.000000,55.000000
1647792000.000000,2640600.000000,17442.000000,17489.000000,93353.000000,74767.000000,5059800.000000,17415.000000,17453.000000,759.000000,2002.000000,7479000.000000,17368.000000,17412.000000,139.000000,1569.000000,15946200.000000,16776.000000,16800.000000,41.000000,1064.000000,23808600.000000,16679.000000,16724.000000,15.000000,295.000000,31066200.000000,16619.000000,16664.000000,32.000000,73.000000
1647878400.000000,2554200.000000,17536.000000,17520.000000,68446.000000,74888.000000,4973400.000000,17507.000000,17491.000000,570.000000,2160.000000,7392600.000000,17452.000000,17452.000000,40.000000,1588.000000,15859800.000000,16820.000000,16845.000000,15.000000,1070.000000,23722200.000000,16750.000000,16755.000000,6.000000,292.000000,30979800.000000,17000.000000,16690.000000,7.000000,77.000000
1647964800.000000,2467800.000000,17644.000000,17702.000000,88805.000000,79593.000000,4887000.000000,17602.000000,17668.000000,803.000000,2467.000000,7306200.000000,17564.000000,17621.000000,195.000000,1615.000000,15773400.000000,16980.000000,17018.000000,35.000000,1073.000000,23635800.000000,16897.000000,16845.000000,8.000000,292.000000,30893400.000000,16827.000000,16791.000000,18.000000,80.000000
1648051200.000000,2381400.000000,17570.000000,17671.000000,80125.000000,76997.000000,4800600.000000,17547.000000,17640.000000,577.000000,2754.000000,7219800.000000,17534.000000,17590.000000,73.000000,1628.000000,15687000.000000,16896.000000,16980.000000,30.000000,1078.000000,23549400.000000,16828.000000,16890.000000,8.000000,293.000000,30807000.000000,16777.000000,16839.000000,8.000000,86.000000
1648137600.000000,2295000.000000,17720.000000,17621.000000,83085.000000,74588.000000,4714200.000000,17697.000000,17591.000000,619.000000,2981.000000,7133400.000000,17666.000000,17550.000000,86.000000,1662.000000,15600600.000000,16990.000000,16953.000000,52.000000,1086.000000,23463000.000000,16862.000000,16854.000000,4.000000,289.000000,30720600.000000,16847.000000,16795.000000,10.000000,94.000000
1648396800.000000,2035800.000000,17512.000000,17438.000000,117571.000000,69730.000000,4455000.000000,17517.000000,17409.000000,1217.000000,3340.000000,6874200.000000,17421.000000,17370.000000,112.000000,1689.000000,15341400.000000,16798.000000,16808.000000,42.000000,1090.000000,23203800.000000,16700.000000,16700.000000,12.000000,291.000000,30461400.000000,16600.000000,16500.000000,6.000000,97.000000
1648483200.000000,1949400.000000,17560.000000,17545.000000,76398.000000,72078.000000,4368600.000000,17531.000000,17520.000000,716.000000,3598.000000,6787800.000000,17454.000000,17483.000000,37.000000,1707.000000,15255000.000000,16890.000000,16871.000000,17.000000,1090.000000,23117400.000000,16757.000000,16757.000000,1.000000,292.000000,30375000.000000,16700.000000,16700.000000,2.000000,102.000000
1648569600.000000,1863000.000000,17671.000000,17741.000000,89839.000000,76212.000000,4282200.000000,17655.000000,17708.000000,840.000000,3704.000000,6701400.000000,17612.000000,17663.000000,125.000000,1743.000000,15168600.000000,17010.000000,17040.000000,38.000000,1096.000000,23031000.000000,16937.000000,16955.000000,11.000000,286.000000,30288600.000000,16888.000000,16897.000000,22.000000,109.000000
1648656000.000000,1776600.000000,17747.000000,17639.000000,78029.000000,73455.000000,4195800.000000,17697.000000,17606.000000,709.000000,4131.000000,6615000.000000,17661.000000,17572.000000,77.000000,1749.000000,15082200.000000,17058.000000,16991.000000,33.000000,1095.000000,22944600.000000,16999.000000,16877.000000,15.000000,281.000000,30202200.000000,16937.000000,16820.000000,9.000000,109.000000
1648742400.000000,1690200.000000,17466.000000,17554.000000,82047.000000,72492.000000,4109400.000000,17424.000000,17524.000000,686.000000,4309.000000,6528600.000000,17368.000000,17483.000000,179.000000,1873.000000,14995800.000000,16800.000000,16888.000000,33.000000,1101.000000,22858200.000000,16750.000000,16764.000000,6.000000,287.000000,30115800.000000,16627.000000,16680.000000,2.000000,111.000000
1649174400.000000,1258200.000000,17439.000000,17506.000000,86927.000000,72607.000000,3677400.000000,17410.000000,17483.000000,914.000000,4555.000000,6096600.000000,17365.000000,17432.000000,93.000000,1917.000000,14563800.000000,16729.000000,16834.000000,74.000000,1130.000000,22426200.000000,16623.000000,16701.000000,56.000000,319.000000,29683800.000000,16737.000000,16737.000000,1.000000,111.000000
1649260800.000000,1171800.000000,17333.000000,17143.000000,114893.000000,74745.000000,3591000.000000,17320.000000,17118.000000,1931.000000,5495.000000,6010200.000000,17284.000000,17081.000000,120.000000,1998.000000,14477400.000000,16650.000000,16483.000000,50.000000,1144.000000,22339800.000000,16599.000000,16411.000000,25.000000,324.000000,29597400.000000,16500.000000,16350.000000,8.000000,117.000000
1649347200.000000,1085400.000000,17200.000000,17316.000000,84229.000000,72429.000000,3504600.000000,17182.000000,17284.000000,1828.000000,6685.000000,5923800.000000,17141.000000,17250.000000,137.000000,2085.000000,14391000.000000,16542.000000,16642.000000,7.000000,1144.000000,22253400.000000,16473.000000,16473.000000,2.000000,325.000000,29511000.000000,16405.000000,16506.000000,10.000000,118.000000
1649606400.000000,826200.000000,17222.000000,17039.000000,128637.000000,72417.000000,3245400.000000,17190.000000,17010.000000,2888.000000,8650.000000,5664600.000000,17200.000000,16979.000000,244.000000,2130.000000,14131800.000000,16626.000000,16355.000000,63.000000,1177.000000,21994200.000000,16478.000000,16294.000000,49.000000,359.000000,29251800.000000,16312.000000,16232.000000,29.000000,139.000000
1649692800.000000,739800.000000,16960.000000,16999.000000,107948.000000,71936.000000,3159000.000000,16920.000000,16972.000000,3070.000000,10504.000000,5578200.000000,16902.000000,16936.000000,308.000000,2278.000000,14045400.000000,16300.000000,16348.000000,27.000000,1179.000000,21907800.000000,16286.000000,16288.000000,5.000000,362.000000,29165400.000000,16190.000000,16244.000000,9.000000,141.000000
1649779200.000000,653400.000000,17080.000000,17316.000000,107841.000000,72060.000000,3072600.000000,17053.000000,17278.000000,4777.000000,12765.000000,5491800.000000,17026.000000,17231.000000,225.000000,2296.000000,13959000.000000,16493.000000,16641.000000,18.000000,1180.000000,21821400.000000,16450.000000,16567.000000,21.000000,361.000000,29079000.000000,16323.000000,16509.000000,28.000000,151.000000
1649865600.000000,567000.000000,17349.000000,17298.000000,73517.000000,67811.000000,2986200.000000,17312.000000,17252.000000,2534.000000,14295.000000,5405400.000000,17245.000000,17214.000000,80.000000,2293.000000,13872600.000000,16674.000000,16604.000000,8.000000,1181.000000,21735000.000000,16595.000000,16520.000000,4.000000,365.000000,28992600.000000,16481.000000,16460.000000,4.000000,149.000000
1649952000.000000,480600.000000,17102.000000,16983.000000,97455.000000,65492.000000,2899800.000000,17068.000000,16947.000000,7802.000000,18191.000000,5319000.000000,17030.000000,16915.000000,142.000000,2280.000000,13786200.000000,16440.000000,16367.000000,12.000000,1181.000000,21648600.000000,16341.000000,16234.000000,17.000000,397.000000,28906200.000000,16308.000000,16182.000000,11.000000,193.000000
1650211200.000000,221400.000000,16908.000000,16881.000000,122230.000000,47679.000000,2640600.000000,16873.000000,16845.000000,28996.000000,34705.000000,5059800.000000,16820.000000,16811.000000,155.000000,2273.000000,13527000.000000,16303.000000,16228.000000,27.000000,1181.000000,21389400.000000,16215.000000,16146.000000,16.000000,405.000000,28647000.000000,16205.000000,16116.000000,5.000000,197.000000
1650297600.000000,135000.000000,17065.000000,17000.000000,106177.000000,26850.000000,2554200.000000,17016.000000,16966.000000,37328.000000,55673.000000,4973400.000000,16979.000000,16933.000000,138.000000,2274.000000,13440600.000000,16368.000000,16360.000000,25.000000,1193.000000,21303000.000000,16337.000000,16385.000000,5.000000,406.000000,28560600.000000,16306.000000,16226.000000,10.000000,200.000000
1650384000.000000,48600.000000,17071.000000,17125.000000,57157.000000,15800.000000,2467800.000000,17018.000000,17071.000000,57285.000000,67331.000000,4887000.000000,16989.000000,17035.000000,360.000000,2396.000000,13354200.000000,16429.000000,16479.000000,52.000000,1235.000000,21216600.000000,16395.000000,16390.000000,2.000000,406.000000,28474200.000000,16276.000000,16312.000000,12.000000,209.000000
1650470400.000000,2381400.000000,17180.000000,17126.000000,86180.000000,70636.000000,4800600.000000,17144.000000,17090.000000,653.000000,2490.000000,7824600.000000,16939.000000,16873.000000,242.000000,112.000000,13267800.000000,16593.000000,16523.000000,85.000000,1299.000000,21130200.000000,16503.000000,16455.000000,11.000000,406.000000,28387800.000000,16457.000000,16363.000000,12.000000,214.000000
1650556800.000000,2295000.000000,16862.000000,16992.000000,96385.000000,73355.000000,4714200.000000,16857.000000,16955.000000,543.000000,2637.000000,7738200.000000,16600.000000,16702.000000,88.000000,168.000000,13181400.000000,16250.000000,16394.000000,58.000000,1337.000000,21043800.000000,16198.000000,16257.000000,8.000000,407.000000,28301400.000000,16116.000000,16215.000000,7.000000,218.000000
1650816000.000000,2035800.000000,16686.000000,16572.000000,123324.000000,74763.000000,4455000.000000,16654.000000,16537.000000,888.000000,2878.000000,7479000.000000,16456.000000,16303.000000,100.000000,229.000000,12922200.000000,16116.000000,15961.000000,65.000000,1351.000000,20784600.000000,16038.000000,15900.000000,34.000000,390.000000,28042200.000000,15955.000000,15843.000000,32.000000,250.000000
1650902400.000000,1949400.000000,16648.000000,16586.000000,82214.000000,74743.000000,4368600.000000,16618.000000,16548.000000,946.000000,3432.000000,7392600.000000,16366.000000,16299.000000,90.000000,294.000000,12835800.000000,16042.000000,15979.000000,34.000000,1374.000000,20698200.000000,15960.000000,15890.000000,26.000000,385.000000,27955800.000000,15914.000000,15842.000000,23.000000,252.000000
1650988800.000000,1863000.000000,16221.000000,16285.000000,141144.000000,76765.000000,4282200.000000,16194.000000,16250.000000,842.000000,3861.000000,7306200.000000,15968.000000,16002.000000,213.000000,346.000000,12749400.000000,15662.000000,15665.000000,103.000000,1395.000000,20611800.000000,15590.000000,15583.000000,49.000000,391.000000,27869400.000000,15480.000000,15519.000000,38.000000,261.000000
1651075200.000000,1776600.000000,16317.000000,16387.000000,103728.000000,78188.000000,4195800.000000,16271.000000,16353.000000,742.000000,4276.000000,7219800.000000,16029.000000,16108.000000,102.000000,400.000000,12663000.000000,15655.000000,15737.000000,13.000000,1410.000000,20525400.000000,15625.000000,15708.000000,32.000000,394.000000,27783000.000000,15567.000000,15661.000000,20.000000,268.000000
1651161600.000000,1690200.000000,16555.000000,16583.000000,103887.000000,75221.000000,4109400.000000,16512.000000,16543.000000,798.000000,4750.000000,7133400.000000,16280.000000,16295.000000,82.000000,431.000000,12576600.000000,15951.000000,15930.000000,18.000000,1424.000000,20439000.000000,15845.000000,15900.000000,22.000000,398.000000,27696600.000000,15810.000000,15800.000000,12.000000,275.000000
1651507200.000000,1344600.000000,16487.000000,16470.000000,90193.000000,74613.000000,3763800.000000,16449.000000,16436.000000,765.000000,5037.000000,6787800.000000,16233.000000,16187.000000,110.000000,532.000000,12231000.000000,15898.000000,15845.000000,25.000000,1431.000000,20093400.000000,15804.000000,15789.000000,38.000000,400.000000,27351000.000000,15779.000000,15750.000000,3.000000,280.000000
1651593600.000000,1258200.000000,16505.000000,16519.000000,69459.000000,76348.000000,3677400.000000,16467.000000,16483.000000,824.000000,5334.000000,6701400.000000,16232.000000,16224.000000,118.000000,602.000000,12144600.000000,15905.000000,15887.000000,29.000000,1453.000000,20007000.000000,15810.000000,15806.000000,11.000000,401.000000,27264600.000000,15796.000000,15760.000000,19.000000,284.000000
1651680000.000000,1171800.000000,16753.000000,16684.000000,78883.000000,77519.000000,3591000.000000,16723.000000,16650.000000,1060.000000,5776.000000,6615000.000000,16442.000000,16370.000000,174.000000,621.000000,12058200.000000,16099.000000,16061.000000,63.000000,1446.000000,19920600.000000,16049.000000,15970.000000,24.000000,413.000000,27178200.000000,15962.000000,15893.000000,13.000000,284.000000
1651766400.000000,1085400.000000,16310.000000,16355.000000,96310.000000,81201.000000,3504600.000000,16283.000000,16320.000000,1348.000000,6672.000000,6528600.000000,16003.000000,16050.000000,140.000000,695.000000,11971800.000000,15703.000000,15739.000000,45.000000,1468.000000,19834200.000000,15596.000000,15652.000000,18.000000,419.000000,27091800.000000,15565.000000,15598.000000,17.000000,295.000000
1652025600.000000,826200.000000,16156.000000,16027.000000,99474.000000,83968.000000,3245400.000000,16132.000000,15991.000000,1632.000000,7504.000000,6269400.000000,15867.000000,15719.000000,178.000000,763.000000,11712600.000000,15577.000000,15403.000000,63.000000,1485.000000,19575000.000000,15422.000000,15323.000000,54.000000,407.000000,26832600.000000,15390.000000,15258.000000,24.000000,304.000000
1652112000.000000,739800.000000,15809.000000,16039.000000,127562.000000,81296.000000,3159000.000000,15795.000000,16000.000000,2873.000000,9020.000000,6183000.000000,15526.000000,15719.000000,176.000000,885.000000,11626200.000000,15200.000000,15410.000000,54.000000,1498.000000,19488600.000000,15092.000000,15334.000000,46.000000,456.000000,26746200.000000,15002.000000,15279.000000,39.000000,391.000000
1652198400.000000,653400.000000,15989.000000,16010.000000,88276.000000,79439.000000,3072600.000000,15960.000000,15966.000000,2387.000000,9802.000000,6096600.000000,15653.000000,15668.000000,134.000000,946.000000,11539800.000000,15376.000000,15387.000000,109.000000,1584.000000,19402200.000000,15289.000000,15314.000000,15.000000,492.000000,26659800.000000,15246.000000,15297.000000,6.000000,471.000000
1652284800.000000,567000.000000,15801.000000,15632.000000,118642.000000,80510.000000,2986200.000000,15730.000000,15592.000000,3416.000000,11292.000000,6010200.000000,15489.000000,15305.000000,317.000000,1131.000000,11453400.000000,15191.000000,15008.000000,388.000000,1941.000000,19315800.000000,15131.000000,14950.000000,112.000000,662.000000,26573400.000000,15094.000000,14909.000000,53.000000,531.000000
1652371200.000000,480600.000000,15777.000000,15851.000000,96199.000000,76156.000000,2899800.000000,15738.000000,15810.000000,5641.000000,14049.000000,5923800.000000,15436.000000,15478.000000,60.000000,1158.000000,11367000.000000,15172.000000,15207.000000,52.000000,2004.000000,19229400.000000,15115.000000,15147.000000,41.000000,670.000000,26487000.000000,15030.000000,15107.000000,42.000000,554.000000
1652630400.000000,221400.000000,15996.000000,15921.000000,120555.000000,52828.000000,2640600.000000,15940.000000,15885.000000,35207.000000,37027.000000,5664600.000000,15655.000000,15565.000000,142.000000,1188.000000,11107800.000000,15368.000000,15284.000000,72.000000,2049.000000,18970200.000000,15315.000000,15223.000000,12.000000,704.000000,26227800.000000,15268.000000,15166.000000,22.000000,561.000000
1652716800.000000,135000.000000,15978.000000,16075.000000,95655.000000,31716.000000,2554200.000000,15916.000000,16025.000000,35728.000000,57923.000000,5578200.000000,15647.000000,15715.000000,136.000000,1240.000000,11021400.000000,15338.000000,15424.000000,79.000000,2173.000000,18883800.000000,15287.000000,15377.000000,15.000000,842.000000,26141400.000000,15265.000000,15320.000000,46.000000,570.000000
1652803200.000000,48600.000000,16180.000000,16302.000000,54930.000000,16705.000000,2467800.000000,16138.000000,16196.000000,56362.000000,73494.000000,5491800.000000,15811.000000,15883.000000,171.000000,1287.000000,10935000.000000,15530.000000,15606.000000,138.000000,2268.000000,18797400.000000,15490.000000,15538.000000,27.000000,933.000000,26055000.000000,15440.000000,15515.000000,24.000000,581.000000
1652889600.000000,2381400.000000,15871.000000,15911.000000,109266.000000,77028.000000,5405400.000000,15610.000000,15596.000000,775.000000,1762.000000,7824600.000000,15415.000000,15455.000000,40.000000,32.000000,10848600.000000,15290.000000,15320.000000,136.000000,2366.000000,18711000.000000,15242.000000,15298.000000,21.000000,1004.000000,25968600.000000,15260.000000,15250.000000,31.000000,595.000000
1652976000.000000,2295000.000000,16069.000000,16135.000000,85765.000000,80780.000000,5319000.000000,15729.000000,15789.000000,671.000000,1931.000000,7738200.000000,15538.000000,15590.000000,11.000000,40.000000,10762200.000000,15470.000000,15529.000000,86.000000,2372.000000,18624600.000000,15425.000000,15475.000000,39.000000,1007.000000,25882200.000000,15410.000000,15431.000000,4.000000,638.000000
1653235200.000000,2035800.000000,16220.000000,16147.000000,99214.000000,78176.000000,5059800.000000,15868.000000,15795.000000,773.000000,2174.000000,7479000.000000,15630.000000,15621.000000,16.000000,48.000000,10503000.000000,15610.000000,15533.000000,70.000000,2370.000000,18365400.000000,15556.000000,15471.000000,29.000000,993.000000,25623000.000000,15510.000000,15508.000000,10.000000,641.000000
1653321600.000000,1949400.000000,16131.000000,15926.000000,98160.000000,79862.000000,4973400.000000,15802.000000,15561.000000,1452.000000,2987.000000,7392600.000000,15617.000000,15438.000000,28.000000,68.000000,10416600.000000,15481.000000,15310.000000,40.000000,2366.000000,18279000.000000,15454.000000,15271.000000,31.000000,972.000000,25536600.000000,15450.000000,15310.000000,8.000000,646.000000
1653408000.000000,1863000.000000,15996.000000,16060.000000,98499.000000,82264.000000,4887000.000000,15634.000000,15676.000000,2731.000000,5663.000000,7306200.000000,15468.000000,15515.000000,14.000000,59.000000,10330200.000000,15385.000000,15445.000000,58.000000,2376.000000,18192600.000000,15327.000000,15407.000000,18.000000,972.000000,25450200.000000,15269.000000,15409.000000,10.000000,646.000000
1653494400.000000,1776600.000000,16153.000000,15950.000000,99211.000000,83540.000000,4800600.000000,15763.000000,15567.000000,605.000000,6102.000000,7219800.000000,15626.000000,15490.000000,15.000000,68.000000,10243800.000000,15528.000000,15311.000000,33.000000,2370.000000,18106200.000000,15485.000000,15284.000000,46.000000,995.000000,25363800.000000,15405.000000,15266.000000,23.000000,667.000000
1653580800.000000,1690200.000000,16110.000000,16230.000000,83346.000000,86626.000000,4714200.000000,15741.000000,15845.000000,648.000000,6384.000000,7133400.000000,15611.000000,15676.000000,26.000000,86.000000,10157400.000000,15487.000000,15596.000000,47.000000,2398.000000,18019800.000000,15432.000000,15551.000000,71.000000,1020.000000,25277400.000000,15450.000000,15502.000000,55.000000,716.000000
1653840000.000000,1431000.000000,16400.000000,16560.000000,81262.000000,87403.000000,4455000.000000,16010.000000,16164.000000,1673.000000,7359.000000,6874200.000000,15887.000000,16011.000000,11.000000,89.000000,9898200.000000,15780.000000,15934.000000,34.000000,2412.000000,17760600.000000,15740.000000,15870.000000,35.000000,1010.000000,25018200.000000,15709.000000,15832.000000,14.000000,731.000000
1653926400.000000,1344600.000000,16492.000000,16682.000000,108041.000000,93427.000000,4368600.000000,16100.000000,16286.000000,1357.000000,7950.000000,6787800.000000,15940.000000,16130.000000,45.000000,99.000000,9811800.000000,15858.000000,16058.000000,45.000000,2416.000000,17674200.000000,15825.000000,15996.000000,36.000000,1012.000000,24931800.000000,15753.000000,15947.000000,11.000000,736.000000
1654012800.000000,1258200.000000,16647.000000,16610.000000,95150.000000,94358.000000,4282200.000000,16255.000000,16197.000000,1686.000000,9177.000000,6701400.000000,16080.000000,16040.000000,36.000000,110.000000,9725400.000000,15993.000000,15950.000000,27.000000,2417.000000,17587800.000000,15935.000000,15901.000000,14.000000,1016.000000,24845400.000000,15889.000000,15851.000000,5.000000,735.000000
1654099200.000000,1171800.000000,16536.000000,16532.000000,80160.000000,93694.000000,4195800.000000,16139.000000,16104.000000,992.000000,10000.000000,6615000.000000,15965.000000,15960.000000,22.000000,123.000000,9639000.000000,15849.000000,15882.000000,47.000000,2411.000000,17501400.000000,15818.000000,15871.000000,8.000000,1015.000000,24759000.000000,0.000000,0.000000,0.000000,743.000000
1654444800.000000,826200.000000,16590.000000,16600.000000,98914.000000,91412.000000,3850200.000000,16168.000000,16167.000000,1215.000000,10542.000000,6269400.000000,16026.000000,16020.000000,17.000000,123.000000,9293400.000000,15947.000000,15928.000000,59.000000,2423.000000,17155800.000000,15913.000000,15911.000000,13.000000,1015.000000,24413400.000000,15800.000000,15750.000000,5.000000,744.000000
1654531200.000000,739800.000000,16520.000000,16462.000000,101451.000000,86546.000000,3763800.000000,16093.000000,16027.000000,1915.000000,11812.000000,6183000.000000,15959.000000,15906.000000,43.000000,141.000000,9207000.000000,15863.000000,15811.000000,38.000000,2430.000000,17069400.000000,15795.000000,15757.000000,21.000000,1034.000000,24327000.000000,15743.000000,15707.000000,6.000000,744.000000
1654617600.000000,653400.000000,16560.000000,16644.000000,80944.000000,90218.000000,3677400.000000,16116.000000,16185.000000,1617.000000,12013.000000,6096600.000000,16005.000000,16066.000000,35.000000,168.000000,9120600.000000,15930.000000,15980.000000,47.000000,2460.000000,16983000.000000,15865.000000,15917.000000,20.000000,1031.000000,24240600.000000,15888.000000,15870.000000,9.000000,749.000000
1654704000.000000,567000.000000,16573.000000,16582.000000,67567.000000,86569.000000,3591000.000000,16125.000000,16133.000000,1582.000000,12895.000000,6010200.000000,16017.000000,15998.000000,60.000000,218.000000,9034200.000000,15912.000000,15918.000000,169.000000,2498.000000,16896600.000000,15844.000000,15868.000000,33.000000,1047.000000,24154200.000000,15790.000000,15830.000000,4.000000,747.000000
1654790400.000000,480600.000000,16380.000000,16471.000000,85493.000000,84428.000000,3504600.000000,15956.000000,16035.000000,5256.000000,16440.000000,5923800.000000,15838.000000,15912.000000,64.000000,250.000000,8947800.000000,15717.000000,15819.000000,65.000000,2537.000000,16810200.000000,15668.000000,15763.000000,24.000000,1046.000000,24067800.000000,15626.000000,15713.000000,10.000000,752.000000
1655049600.000000,221400.000000,16115.000000,16053.000000,129042.000000,63892.000000,3245400.000000,15731.000000,15632.000000,37990.000000,42562.000000,5664600.000000,15574.000000,15486.000000,139.000000,355.000000,8688600.000000,15489.000000,15426.000000,56.000000,2580.000000,16551000.000000,15428.000000,15360.000000,39.000000,1056.000000,23808600.000000,15388.000000,15312.000000,19.000000,747.000000
1655136000.000000,135000.000000,15950.000000,16055.000000,125318.000000,40568.000000,3159000.000000,15500.000000,15602.000000,42649.000000,68480.000000,5578200.000000,15379.000000,15470.000000,252.000000,544.000000,8602200.000000,15317.000000,15402.000000,191.000000,2585.000000,16464600.000000,15235.000000,15331.000000,43.000000,1067.000000,23722200.000000,15185.000000,15294.000000,19.000000,751.000000
1655222400.000000,48600.000000,16052.000000,16062.000000,62610.000000,21892.000000,3072600.000000,15600.000000,15546.000000,57993.000000,78478.000000,5491800.000000,15465.000000,15419.000000,176.000000,642.000000,8515800.000000,15355.000000,15320.000000,39.000000,2598.000000,16378200.000000,15313.000000,15284.000000,35.000000,1074.000000,23635800.000000,15257.000000,15247.000000,14.000000,756.000000
1655308800.000000,2986200.000000,15751.000000,15410.000000,127119.000000,87457.000000,5405400.000000,15622.000000,15268.000000,833.000000,978.000000,8429400.000000,15539.000000,15197.000000,159.000000,2683.000000,16291800.000000,15472.000000,15138.000000,57.000000,1090.000000,23549400.000000,15437.000000,15075.000000,31.000000,761.000000,32016600.000000,15417.000000,15033.000000,47.000000,20.000000
1655395200.000000,2899800.000000,15196.000000,15200.000000,124040.000000,93783.000000,5319000.000000,15050.000000,15051.000000,801.000000,1259.000000,8343000.000000,14997.000000,15017.000000,110.000000,2704.000000,16205400.000000,14942.000000,14923.000000,63.000000,1096.000000,23463000.000000,14929.000000,14878.000000,26.000000,770.000000,31930200.000000,14814.000000,14830.000000,15.000000,29.000000
1655654400.000000,2640600.000000,15182.000000,15038.000000,129690.000000,99613.000000,5059800.000000,15030.000000,14896.000000,790.000000,1566.000000,8083800.000000,14992.000000,14829.000000,165.000000,2723.000000,15946200.000000,14928.000000,14760.000000,84.000000,1109.000000,23203800.000000,14880.000000,14710.000000,19.000000,766.000000,31671000.000000,14778.000000,14642.000000,38.000000,37.000000
1655740800.000000,2554200.000000,15164.000000,15334.000000,115396.000000,98934.000000,4973400.000000,15027.000000,15183.000000,634.000000,1526.000000,7997400.000000,14978.000000,15130.000000,117.000000,2760.000000,15859800.000000,14889.000000,15058.000000,34.000000,1097.000000,23117400.000000,14861.000000,15010.000000,24.000000,770.000000,31584600.000000,14802.000000,14973.000000,29.000000,45.000000
1655827200.000000,2467800.000000,15316.000000,15012.000000,128332.000000,99083.000000,4887000.000000,15180.000000,14858.000000,905.000000,1531.000000,7911000.000000,15101.000000,14794.000000,172.000000,2821.000000,15773400.000000,15026.000000,14735.000000,27.000000,1102.000000,23031000.000000,14974.000000,14675.000000,21.000000,770.000000,31498200.000000,14928.000000,14618.000000,48.000000,47.000000
1655913600.000000,2381400.000000,15059.000000,14938.000000,164479.000000,98783.000000,4800600.000000,14888.000000,14782.000000,1248.000000,1816.000000,7824600.000000,14871.000000,14722.000000,261.000000,2902.000000,15687000.000000,14812.000000,14630.000000,63.000000,1107.000000,22944600.000000,14705.000000,14606.000000,27.000000,761.000000,31411800.000000,14698.000000,14539.000000,56.000000,64.000000
1656000000.000000,2295000.000000,15006.000000,15058.000000,119812.000000,96591.000000,4714200.000000,14854.000000,14902.000000,1012.000000,2117.000000,7738200.000000,14826.000000,14828.000000,140.000000,2940.000000,15600600.000000,14778.000000,14752.000000,13.000000,1106.000000,22858200.000000,14759.000000,14660.000000,7.000000,762.000000,31325400.000000,14616.000000,14609.000000,10.000000,75.000000
1656259200.000000,2035800.000000,15205.000000,15277.000000,98695.000000,97502.000000,4455000.000000,15053.000000,15110.000000,838.000000,2331.000000,7479000.000000,14993.000000,15055.000000,137.000000,2966.000000,15341400.000000,14948.000000,14988.000000,34.000000,1101.000000,22599000.000000,14952.000000,14938.000000,16.000000,762.000000,31066200.000000,14835.000000,14878.000000,22.000000,84.000000
1656345600.000000,1949400.000000,15299.000000,15192.000000,96034.000000,96342.000000,4368600.000000,15135.000000,15029.000000,950.000000,2635.000000,7392600.000000,15064.000000,14945.000000,114.000000,2941.000000,15255000.000000,14860.000000,14864.000000,10.000000,1103.000000,22512600.000000,14834.000000,14820.000000,14.000000,766.000000,30979800.000000,14853.000000,14779.000000,12.000000,88.000000
1656432000.000000,1863000.000000,15020.000000,15019.000000,100640.000000,96261.000000,4282200.000000,14859.000000,14850.000000,812.000000,2988.000000,7306200.000000,14799.000000,14788.000000,128.000000,3033.000000,15168600.000000,14725.000000,14723.000000,18.000000,1106.000000,22426200.000000,14695.000000,14668.000000,20.000000,772.000000,30893400.000000,14612.000000,14600.000000,21.000000,94.000000
1656518400.000000,1776600.000000,14931.000000,14622.000000,131995.000000,101028.000000,4195800.000000,14767.000000,14465.000000,1045.000000,3327.000000,7219800.000000,14700.000000,14407.000000,265.000000,3080.000000,15082200.000000,14621.000000,14332.000000,46.000000,1123.000000,22339800.000000,14538.000000,14283.000000,27.000000,769.000000,30807000.000000,14461.000000,14197.000000,59.000000,64.000000
1656604800.000000,1690200.000000,14656.000000,14175.000000,183609.000000,98792.000000,4109400.000000,14501.000000,14026.000000,1610.000000,3731.000000,7133400.000000,14461.000000,13960.000000,259.000000,3116.000000,14995800.000000,14251.000000,13860.000000,39.000000,1127.000000,22253400.000000,14213.000000,13795.000000,32.000000,779.000000,30720600.000000,14225.000000,13710.000000,69.000000,76.000000
1656864000.000000,1431000.000000,14236.000000,14152.000000,143173.000000,97788.000000,3850200.000000,14073.000000,13998.000000,1461.000000,3902.000000,6874200.000000,14031.000000,13927.000000,114.000000,3134.000000,14736600.000000,13902.000000,13871.000000,30.000000,1126.000000,21994200.000000,13865.000000,13751.000000,30.000000,783.000000,30461400.000000,13800.000000,13612.000000,22.000000,81.000000
1656950400.000000,1344600.000000,14350.000000,14231.000000,175274.000000,94173.000000,3763800.000000,14185.000000,14085.000000,1482.000000,4318.000000,6787800.000000,14131.000000,14004.000000,135.000000,3179.000000,14650200.000000,14098.000000,13941.000000,34.000000,1132.000000,21907800.000000,14002.000000,13880.000000,27.000000,789.000000,30375000.000000,13939.000000,13796.000000,51.000000,86.000000
1657036800.000000,1258200.000000,14213.000000,13871.000000,150712.000000,91327.000000,3677400.000000,14075.000000,13730.000000,1545.000000,4332.000000,6701400.000000,14017.000000,13680.000000,184.000000,3187.000000,14563800.000000,13925.000000,13590.000000,71.000000,1137.000000,21821400.000000,13840.000000,13532.000000,79.000000,814.000000,30288600.000000,13787.000000,13500.000000,42.000000,87.000000
1657123200.000000,1171800.000000,14068.000000,14176.000000,158050.000000,85116.000000,3591000.000000,13901.000000,14030.000000,1490.000000,4356.000000,6615000.000000,13876.000000,13980.000000,247.000000,3289.000000,14477400.000000,13777.000000,13887.000000,61.000000,1166.000000,21735000.000000,13700.000000,13853.000000,38.000000,817.000000,30202200.000000,13625.000000,13805.000000,24.000000,89.000000
1657209600.000000,1085400.000000,14390.000000,14329.000000,139319.000000,80103.000000,3504600.000000,14251.000000,14179.000000,1387.000000,4688.000000,6528600.000000,14193.000000,14120.000000,313.000000,3398.000000,14391000.000000,14068.000000,14033.000000,32.000000,1180.000000,21648600.000000,13995.000000,13993.000000,42.000000,824.000000,30115800.000000,13902.000000,13936.000000,19.000000,90.000000
1657468800.000000,826200.000000,14467.000000,14276.000000,120320.000000,76109.000000,3245400.000000,14311.000000,14126.000000,1373.000000,5053.000000,6269400.000000,14237.000000,14060.000000,407.000000,3432.000000,14131800.000000,14125.000000,13974.000000,17.000000,1183.000000,21389400.000000,14070.000000,13904.000000,49.000000,820.000000,29856600.000000,14001.000000,13826.000000,21.000000,98.000000
1657555200.000000,739800.000000,14157.000000,13914.000000,127127.000000,79696.000000,3159000.000000,14004.000000,13762.000000,2748.000000,6198.000000,6183000.000000,13952.000000,13708.000000,295.000000,3557.000000,14045400.000000,13816.000000,13594.000000,55.000000,1198.000000,21303000.000000,13784.000000,13541.000000,51.000000,818.000000,29770200.000000,13716.000000,13473.000000,24.000000,97.000000
1657641600.000000,653400.000000,14240.000000,14277.000000,112460.000000,75454.000000,3072600.000000,14099.000000,14127.000000,2917.000000,6033.000000,6096600.000000,14021.000000,14057.000000,333.000000,3726.000000,13959000.000000,13910.000000,13968.000000,20.000000,1221.000000,21216600.000000,13851.000000,13937.000000,18.000000,815.000000,29683800.000000,13800.000000,13814.000000,16.000000,93.000000
1657728000.000000,567000.000000,14237.000000,14389.000000,128248.000000,72711.000000,2986200.000000,14099.000000,14232.000000,3086.000000,6535.000000,6010200.000000,13969.000000,14180.000000,340.000000,3868.000000,13872600.000000,13894.000000,14059.000000,42.000000,1246.000000,21130200.000000,13784.000000,14018.000000,33.000000,826.000000,29597400.000000,13700.000000,13895.000000,30.000000,88.000000
1657814400.000000,480600.000000,14422.000000,14475.000000,118876.000000,66561.000000,2899800.000000,14268.000000,14325.000000,6877.000000,10323.000000,5923800.000000,14213.000000,14250.000000,322.000000,3963.000000,13786200.000000,14101.000000,14150.000000,38.000000,1251.000000,21043800.000000,13973.000000,14086.000000,14.000000,828.000000,29511000.000000,14030.000000,13993.000000,9.000000,85.000000
1658073600.000000,221400.000000,14577.000000,14650.000000,122938.000000,48404.000000,2640600.000000,14420.000000,14501.000000,33508.000000,33294.000000,5664600.000000,14355.000000,14426.000000,576.000000,4282.000000,13527000.000000,14220.000000,14320.000000,27.000000,1251.000000,20784600.000000,14180.000000,14248.000000,46.000000,819.000000,29251800.000000,14063.000000,14151.000000,24.000000,87.000000
1658160000.000000,135000.000000,14562.000000,14678.000000,92176.000000,28209.000000,2554200.000000,14429.000000,14528.000000,32478.000000,48774.000000,5578200.000000,14340.000000,14447.000000,430.000000,4585.000000,13440600.000000,14305.000000,14347.000000,71.000000,1310.000000,20698200.000000,14239.000000,14286.000000,16.000000,814.000000,29165400.000000,14110.000000,14177.000000,13.000000,88.000000
1658246400.000000,48600.000000,14845.000000,14712.000000,63694.000000,14874.000000,2467800.000000,14717.000000,14616.000000,60910.000000,60486.000000,5491800.000000,14637.000000,14529.000000,666.000000,4927.000000,13354200.000000,14524.000000,14430.000000,67.000000,1322.000000,20611800.000000,14455.000000,14353.000000,44.000000,815.000000,29079000.000000,14350.000000,14222.000000,10.000000,96.000000
1658332800.000000,2381400.000000,14600.000000,14748.000000,90902.000000,65024.000000,5405400.000000,14530.000000,14665.000000,789.000000,5130.000000,7824600.000000,14539.000000,14653.000000,25.000000,14.000000,13267800.000000,14452.000000,14560.000000,25.000000,1335.000000,20525400.000000,14374.000000,14506.000000,15.000000,810.000000,28992600.000000,14258.000000,14346.000000,26.000000,97.000000
1658419200.000000,2295000.000000,14796.000000,14751.000000,93026.000000,64459.000000,5319000.000000,14723.000000,14684.000000,710.000000,5185.000000,7738200.000000,14678.000000,14655.000000,46.000000,21.000000,13181400.000000,14601.000000,14573.000000,25.000000,1346.000000,20439000.000000,14524.000000,14501.000000,9.000000,812.000000,28906200.000000,14390.000000,14423.000000,12.000000,98.000000
1658678400.000000,2035800.000000,14750.000000,14794.000000,82637.000000,65667.000000,5059800.000000,14681.000000,14716.000000,512.000000,5131.000000,7479000.000000,14598.000000,14688.000000,17.000000,30.000000,12922200.000000,14569.000000,14648.000000,18.000000,1343.000000,20179800.000000,14454.000000,14533.000000,7.000000,810.000000,28647000.000000,14394.000000,14410.000000,5.000000,99.000000
1658764800.000000,1949400.000000,14755.000000,14705.000000,92221.000000,64953.000000,4973400.000000,14683.000000,14634.000000,706.000000,5076.000000,7392600.000000,14638.000000,14601.000000,27.000000,56.000000,12835800.000000,14578.000000,14533.000000,26.000000,1354.000000,20093400.000000,14492.000000,14411.000000,6.000000,814.000000,28560600.000000,14367.000000,14290.000000,6.000000,100.000000
1658851200.000000,1863000.000000,14670.000000,14794.000000,104597.000000,66094.000000,4887000.000000,14603.000000,14720.000000,980.000000,5167.000000,7306200.000000,14602.000000,14679.000000,50.000000,54.000000,12749400.000000,14494.000000,14606.000000,22.000000,1357.000000,20007000.000000,14430.000000,14516.000000,13.000000,808.000000,28474200.000000,14340.000000,14380.000000,7.000000,97.000000
1658937600.000000,1776600.000000,14922.000000,14831.000000,94963.000000,67517.000000,4800600.000000,14856.000000,14762.000000,856.000000,5182.000000,7219800.000000,14818.000000,14725.000000,62.000000,80.000000,12663000.000000,14734.000000,14655.000000,39.000000,1364.000000,19920600.000000,14657.000000,14577.000000,18.000000,812.000000,28387800.000000,14540.000000,14448.000000,11.000000,99.000000
1659024000.000000,1690200.000000,14936.000000,14938.000000,94106.000000,68723.000000,4714200.000000,14870.000000,14873.000000,892.000000,5359.000000,7133400.000000,14833.000000,14807.000000,36.000000,89.000000,12576600.000000,14755.000000,14757.000000,19.000000,1370.000000,19834200.000000,14712.000000,14670.000000,14.000000,815.000000,28301400.000000,14558.000000,14533.000000,6.000000,101.000000
1659283200.000000,1431000.000000,14921.000000,14870.000000,89819.000000,68379.000000,4455000.000000,14861.000000,14811.000000,973.000000,5231.000000,6874200.000000,14796.000000,14782.000000,78.000000,107.000000,12317400.000000,14731.000000,14729.000000,28.000000,1381.000000,19575000.000000,14657.000000,14668.000000,14.000000,818.000000,28042200.000000,14515.000000,14535.000000,6.000000,104.000000
1659369600.000000,1344600.000000,14767.000000,14643.000000,108928.000000,70162.000000,4368600.000000,14712.000000,14591.000000,1027.000000,5431.000000,6787800.000000,14653.000000,14578.000000,49.000000,156.000000,12231000.000000,14600.000000,14490.000000,25.000000,1394.000000,19488600.000000,14488.000000,14393.000000,10.000000,822.000000,27955800.000000,14384.000000,14287.000000,21.000000,108.000000
1659456000.000000,1258200.000000,14627.000000,14669.000000,97984.000000,68942.000000,4282200.000000,14573.000000,14615.000000,814.000000,5815.000000,6701400.000000,14586.000000,14592.000000,34.000000,163.000000,12144600.000000,14447.000000,14519.000000,39.000000,1399.000000,19402200.000000,14449.000000,14444.000000,3.000000,824.000000,27869400.000000,14262.000000,14295.000000,8.000000,108.000000
1659542400.000000,1171800.000000,14686.000000,14658.000000,139696.000000,72666.000000,4195800.000000,14630.000000,14603.000000,1218.000000,6010.000000,6615000.000000,14605.000000,14574.000000,83.000000,190.000000,12058200.000000,14520.000000,14488.000000,38.000000,1406.000000,19315800.000000,14417.000000,14440.000000,21.000000,830.000000,27783000.000000,14300.000000,14290.000000,25.000000,108.000000
1659628800.000000,1085400.000000,14780.000000,15009.000000,95193.000000,77132.000000,4109400.000000,14715.000000,14952.000000,1415.000000,5996.000000,6528600.000000,14673.000000,14926.000000,97.000000,160.000000,11971800.000000,14640.000000,14847.000000,67.000000,1407.000000,19229400.000000,14594.000000,14760.000000,33.000000,824.000000,27696600.000000,14545.000000,14649.000000,15.000000,112.000000
1659888000.000000,826200.000000,14937.000000,14961.000000,74401.000000,71575.000000,3850200.000000,14885.000000,14907.000000,849.000000,6115.000000,6269400.000000,14853.000000,14880.000000,40.000000,180.000000,11712600.000000,14793.000000,14807.000000,40.000000,1427.000000,18970200.000000,14705.000000,14707.000000,7.000000,829.000000,27437400.000000,14565.000000,14605.000000,5.000000,118.000000
1659974400.000000,739800.000000,14894.000000,15016.000000,89703.000000,72761.000000,3763800.000000,14853.000000,14956.000000,1294.000000,6716.000000,6183000.000000,14788.000000,14927.000000,92.000000,207.000000,11626200.000000,14751.000000,14860.000000,41.000000,1421.000000,18883800.000000,14648.000000,14778.000000,20.000000,826.000000,27351000.000000,14510.000000,14658.000000,15.000000,126.000000
1660060800.000000,653400.000000,14874.000000,14876.000000,77738.000000,70323.000000,3677400.000000,14831.000000,14820.000000,1512.000000,7244.000000,6096600.000000,14811.000000,14795.000000,86.000000,212.000000,11539800.000000,14725.000000,14738.000000,20.000000,1451.000000,18797400.000000,14641.000000,14667.000000,21.000000,831.000000,27264600.000000,14526.000000,14552.000000,7.000000,127.000000
1660147200.000000,567000.000000,15115.000000,15183.000000,79733.000000,70833.000000,3591000.000000,15050.000000,15115.000000,2725.000000,9030.000000,6010200.000000,15020.000000,15090.000000,109.000000,218.000000,11453400.000000,14936.000000,15002.000000,52.000000,1440.000000,18711000.000000,14884.000000,14929.000000,15.000000,826.000000,27178200.000000,14780.000000,14810.000000,22.000000,131.000000
1660233600.000000,480600.000000,15229.000000,15272.000000,66960.000000,67169.000000,3504600.000000,15163.000000,15217.000000,4890.000000,12156.000000,5923800.000000,15110.000000,15190.000000,87.000000,241.000000,11367000.000000,15060.000000,15126.000000,29.000000,1443.000000,18624600.000000,15000.000000,15033.000000,17.000000,820.000000,27091800.000000,14841.000000,14932.000000,13.000000,143.000000
1660492800.000000,221400.000000,15369.000000,15387.000000,89978.000000,53229.000000,3245400.000000,15310.000000,15330.000000,28182.000000,32207.000000,5664600.000000,15287.000000,15307.000000,139.000000,271.000000,11107800.000000,15215.000000,15258.000000,38.000000,1452.000000,18365400.000000,15136.000000,15150.000000,14.000000,822.000000,26832600.000000,15006.000000,15030.000000,36.000000,139.000000
1660579200.000000,135000.000000,15390.000000,15422.000000,73097.000000,31749.000000,3159000.000000,15339.000000,15366.000000,27286.000000,51423.000000,5578200.000000,15323.000000,15346.000000,92.000000,293.000000,11021400.000000,15254.000000,15263.000000,108.000000,1489.000000,18279000.000000,15170.000000,15188.000000,16.000000,830.000000,26746200.000000,15050.000000,15059.000000,17.000000,137.000000
1660665600.000000,48600.000000,15404.000000,15452.000000,48353.000000,17264.000000,3072600.000000,15335.000000,15379.000000,43641.000000,62714.000000,5491800.000000,15344.000000,15355.000000,209.000000,397.000000,10935000.000000,15277.000000,15273.000000,149.000000,1601.000000,18192600.000000,15186.000000,15186.000000,11.000000,827.000000,26659800.000000,15068.000000,15050.000000,4.000000,136.000000
1660752000.000000,2986200.000000,15250.000000,15315.000000,69333.000000,66518.000000,5405400.000000,15237.000000,15290.000000,584.000000,676.000000,7824600.000000,15200.000000,15259.000000,19.000000,12.000000,10848600.000000,15160.000000,15222.000000,75.000000,1600.000000,18106200.000000,15070.000000,15121.000000,21.000000,822.000000,26573400.000000,14950.000000,15036.000000,8.000000,141.000000
1660838400.000000,2899800.000000,15308.000000,15353.000000,72613.000000,66947.000000,5319000.000000,15286.000000,15330.000000,564.000000,726.000000,7738200.000000,15250.000000,15302.000000,14.000000,22.000000,10762200.000000,15222.000000,15303.000000,58.000000,1610.000000,18019800.000000,15125.000000,15218.000000,15.000000,823.000000,26487000.000000,15041.000000,15079.000000,24.000000,143.000000
1661097600.000000,2640600.000000,15171.000000,15175.000000,63929.000000,68615.000000,5059800.000000,15163.000000,15160.000000,363.000000,990.000000,7479000.000000,15137.000000,15140.000000,29.000000,49.000000,10503000.000000,15092.000000,15090.000000,53.000000,1628.000000,17760600.000000,15006.000000,15023.000000,30.000000,821.000000,26227800.000000,14915.000000,14903.000000,15.000000,152.000000
1661184000.000000,2554200.000000,15059.000000,15028.000000,68886.000000,69255.000000,4973400.000000,15039.000000,15006.000000,640.000000,1283.000000,7392600.000000,15022.000000,14992.000000,91.000000,78.000000,10416600.000000,14968.000000,14944.000000,76.000000,1637.000000,17674200.000000,14917.000000,14869.000000,19.000000,820.000000,26141400.000000,14800.000000,14766.000000,7.000000,153.000000
1661270400.000000,2467800.000000,15080.000000,15035.000000,70377.000000,68612.000000,4887000.000000,15067.000000,15019.000000,569.000000,1426.000000,7306200.000000,15052.000000,15005.000000,69.000000,94.000000,10330200.000000,15000.000000,14955.000000,34.000000,1653.000000,17587800.000000,14945.000000,14869.000000,13.000000,819.000000,26055000.000000,14822.000000,14750.000000,2.000000,155.000000
1661356800.000000,2381400.000000,15130.000000,15172.000000,81719.000000,69146.000000,4800600.000000,15097.000000,15146.000000,539.000000,1551.000000,7219800.000000,15098.000000,15145.000000,106.000000,109.000000,10243800.000000,15050.000000,15093.000000,85.000000,1660.000000,17501400.000000,15040.000000,15035.000000,4.000000,818.000000,25968600.000000,14972.000000,14926.000000,15.000000,153.000000
1661443200.000000,2295000.000000,15271.000000,15241.000000,62646.000000,66811.000000,4714200.000000,15260.000000,15222.000000,337.000000,1634.000000,7133400.000000,15253.000000,15209.000000,103.000000,141.000000,10157400.000000,15200.000000,15158.000000,19.000000,1654.000000,17415000.000000,15146.000000,15098.000000,9.000000,815.000000,25882200.000000,15050.000000,15037.000000,21.000000,169.000000
1661702400.000000,2035800.000000,14832.000000,14818.000000,103087.000000,66328.000000,4455000.000000,14805.000000,14804.000000,1151.000000,1934.000000,6874200.000000,14805.000000,14797.000000,113.000000,179.000000,9898200.000000,14769.000000,14761.000000,88.000000,1663.000000,17155800.000000,14700.000000,14692.000000,27.000000,806.000000,25623000.000000,14603.000000,14623.000000,26.000000,185.000000
1661788800.000000,1949400.000000,14850.000000,14948.000000,86047.000000,68294.000000,4368600.000000,14841.000000,14933.000000,868.000000,2337.000000,6787800.000000,14830.000000,14918.000000,69.000000,206.000000,9811800.000000,14791.000000,14870.000000,81.000000,1677.000000,17069400.000000,14753.000000,14810.000000,17.000000,806.000000,25536600.000000,14699.000000,14734.000000,4.000000,188.000000
1661875200.000000,1863000.000000,14849.000000,15039.000000,108620.000000,77860.000000,4282200.000000,14833.000000,15026.000000,1335.000000,2887.000000,6701400.000000,14825.000000,15017.000000,119.000000,300.000000,9725400.000000,14798.000000,14979.000000,43.000000,1660.000000,16983000.000000,14738.000000,14927.000000,16.000000,805.000000,25450200.000000,14688.000000,14843.000000,5.000000,222.000000
1661961600.000000,1776600.000000,14841.000000,14736.000000,118005.000000,77142.000000,4195800.000000,14850.000000,14730.000000,1704.000000,3915.000000,6615000.000000,14820.000000,14720.000000,124.000000,361.000000,9639000.000000,14747.000000,14690.000000,59.000000,1666.000000,16896600.000000,14788.000000,14630.000000,36.000000,794.000000,25363800.000000,14640.000000,14558.000000,28.000000,228.000000
1662048000.000000,1690200.000000,14776.000000,14597.000000,92325.000000,76619.000000,4109400.000000,14762.000000,14589.000000,939.000000,4204.000000,6528600.000000,14726.000000,14591.000000,58.000000,389.000000,9552600.000000,14709.000000,14544.000000,75.000000,1690.000000,16810200.000000,14649.000000,14540.000000,21.000000,787.000000,25277400.000000,14592.000000,14455.000000,14.000000,231.000000
1662307200.000000,1431000.000000,14590.000000,14611.000000,92682.000000,73583.000000,3850200.000000,14579.000000,14601.000000,972.000000,4632.000000,6269400.000000,14582.000000,14592.000000,67.000000,405.000000,9293400.000000,14605.000000,14580.000000,35.000000,1691.000000,16551000.000000,14533.000000,14527.000000,13.000000,795.000000,25018200.000000,14548.000000,14456.000000,9.000000,238.000000
1662393600.000000,1344600.000000,14720.000000,14634.000000,93184.000000,74574.000000,3763800.000000,14684.000000,14624.000000,951.000000,4796.000000,6183000.000000,14673.000000,14628.000000,70.000000,471.000000,9207000.000000,14673.000000,14570.000000,67.000000,1679.000000,16464600.000000,14633.000000,14538.000000,18.000000,801.000000,24931800.000000,14579.000000,14435.000000,15.000000,245.000000
1662480000.000000,1258200.000000,14445.000000,14359.000000,99373.000000,75051.000000,3677400.000000,14459.000000,14353.000000,1129.000000,5400.000000,6096600.000000,14445.000000,14345.000000,88.000000,468.000000,9120600.000000,14420.000000,14307.000000,65.000000,1689.000000,16378200.000000,14370.000000,14265.000000,26.000000,800.000000,24845400.000000,14281.000000,14186.000000,17.000000,255.000000
1662566400.000000,1171800.000000,14459.000000,14548.000000,88563.000000,70703.000000,3591000.000000,14470.000000,14535.000000,1145.000000,5642.000000,6010200.000000,14461.000000,14522.000000,93.000000,539.000000,9034200.000000,14421.000000,14501.000000,55.000000,1671.000000,16291800.000000,14375.000000,14440.000000,17.000000,811.000000,24759000.000000,14285.000000,14340.000000,14.000000,266.000000
1662912000.000000,826200.000000,14775.000000,14794.000000,73967.000000,68152.000000,3245400.000000,14752.000000,14780.000000,1526.000000,5942.000000,5664600.000000,14747.000000,14768.000000,206.000000,668.000000,8688600.000000,14728.000000,14746.000000,97.000000,1634.000000,15946200.000000,14658.000000,14699.000000,17.000000,804.000000,24413400.000000,14577.000000,14613.000000,24.000000,275.000000
1662998400.000000,739800.000000,14884.000000,14875.000000,64810.000000,66793.000000,3159000.000000,14868.000000,14859.000000,1842.000000,6577.000000,5578200.000000,14870.000000,14834.000000,204.000000,822.000000,8602200.000000,14835.000000,14810.000000,44.000000,1636.000000,15859800.000000,14755.000000,14748.000000,4.000000,804.000000,24327000.000000,14723.000000,14675.000000,14.000000,292.000000
1663084800.000000,653400.000000,14458.000000,14577.000000,88778.000000,66290.000000,3072600.000000,14447.000000,14564.000000,2791.000000,7223.000000,5491800.000000,14400.000000,14557.000000,156.000000,902.000000,8515800.000000,14404.000000,14520.000000,48.000000,1674.000000,15773400.000000,14369.000000,14481.000000,16.000000,809.000000,24240600.000000,14408.000000,14399.000000,10.000000,309.000000
1663171200.000000,567000.000000,14578.000000,14642.000000,77473.000000,67005.000000,2986200.000000,14563.000000,14625.000000,3368.000000,8234.000000,5405400.000000,14550.000000,14626.000000,66.000000,934.000000,8429400.000000,14514.000000,14595.000000,61.000000,1687.000000,15687000.000000,14547.000000,14547.000000,1.000000,809.000000,24154200.000000,14444.000000,14470.000000,9.000000,315.000000
1663257600.000000,480600.000000,14500.000000,14483.000000,75293.000000,65353.000000,2899800.000000,14496.000000,14473.000000,5975.000000,11513.000000,5319000.000000,14476.000000,14458.000000,118.000000,1007.000000,8343000.000000,14475.000000,14435.000000,88.000000,1678.000000,15600600.000000,14400.000000,14385.000000,21.000000,812.000000,24067800.000000,14319.000000,14309.000000,36.000000,313.000000
1663516800.000000,221400.000000,14550.000000,14420.000000,96859.000000,48006.000000,2640600.000000,14524.000000,14400.000000,31870.000000,34490.000000,5059800.000000,14517.000000,14390.000000,136.000000,1077.000000,8083800.000000,14511.000000,14364.000000,67.000000,1711.000000,15341400.000000,14443.000000,14323.000000,42.000000,818.000000,23808600.000000,14381.000000,14260.000000,28.000000,320.000000
1663603200.000000,135000.000000,14548.000000,14561.000000,83214.000000,26745.000000,2554200.000000,14519.000000,14528.000000,35129.000000,53165.000000,4973400.000000,14500.000000,14511.000000,287.000000,1142.000000,7997400.000000,14450.000000,14480.000000,60.000000,1737.000000,15255000.000000,14425.000000,14420.000000,23.000000,835.000000,23722200.000000,14339.000000,14351.000000,25.000000,327.000000
1663689600.000000,48600.000000,14476.000000,14402.000000,47622.000000,15887.000000,2467800.000000,14460.000000,14410.000000,45062.000000,63563.000000,4887000.000000,14443.000000,14402.000000,342.000000,1261.000000,7911000.000000,14416.000000,14385.000000,76.000000,1776.000000,15168600.000000,14370.000000,14340.000000,14.000000,835.000000,23635800.000000,14288.000000,14272.000000,50.000000,336.000000
1663776000.000000,2381400.000000,14225.000000,14242.000000,104178.000000,69697.000000,4800600.000000,14205.000000,14220.000000,1205.000000,1795.000000,7824600.000000,14196.000000,14193.000000,198.000000,1873.000000,15082200.000000,14150.000000,14131.000000,37.000000,845.000000,23549400.000000,14097.000000,14080.000000,93.000000,321.000000,31411800.000000,13904.000000,13588.000000,44.000000,37.000000
1663862400.000000,2295000.000000,14212.000000,14119.000000,87010.000000,72667.000000,4714200.000000,14205.000000,14106.000000,826.000000,2024.000000,7738200.000000,14142.000000,14074.000000,90.000000,1915.000000,14995800.000000,14107.000000,14039.000000,66.000000,839.000000,23463000.000000,14050.000000,13984.000000,55.000000,336.000000,31325400.000000,13573.000000,13460.000000,7.000000,41.000000
1664121600.000000,2035800.000000,13916.000000,13758.000000,114988.000000,74950.000000,4455000.000000,13908.000000,13751.000000,1109.000000,2770.000000,7479000.000000,13885.000000,13730.000000,126.000000,1993.000000,14736600.000000,13862.000000,13677.000000,64.000000,815.000000,23203800.000000,13799.000000,13639.000000,59.000000,343.000000,31066200.000000,13370.000000,13129.000000,23.000000,46.000000
1664208000.000000,1949400.000000,13843.000000,13818.000000,94792.000000,74398.000000,4368600.000000,13824.000000,13800.000000,551.000000,3101.000000,7392600.000000,13792.000000,13774.000000,77.000000,1999.000000,14650200.000000,13766.000000,13732.000000,22.000000,817.000000,23117400.000000,13700.000000,13675.000000,33.000000,347.000000,30979800.000000,13186.000000,13155.000000,7.000000,54.000000
1664294400.000000,1863000.000000,13796.000000,13515.000000,144383.000000,76023.000000,4282200.000000,13787.000000,13503.000000,1210.000000,3607.000000,7306200.000000,13780.000000,13477.000000,176.000000,2059.000000,14563800.000000,13750.000000,13421.000000,98.000000,821.000000,23031000.000000,13671.000000,13359.000000,82.000000,366.000000,30893400.000000,13180.000000,12871.000000,20.000000,60.000000
1664380800.000000,1776600.000000,13658.000000,13524.000000,115038.000000,73922.000000,4195800.000000,13634.000000,13509.000000,826.000000,3939.000000,7219800.000000,13600.000000,13481.000000,102.000000,2076.000000,14477400.000000,13570.000000,13435.000000,40.000000,822.000000,22944600.000000,13510.000000,13401.000000,55.000000,389.000000,30807000.000000,12976.000000,12875.000000,7.000000,72.000000
1664467200.000000,1690200.000000,13356.000000,13395.000000,120030.000000,73202.000000,4109400.000000,13338.000000,13373.000000,745.000000,4116.000000,7133400.000000,13310.000000,13351.000000,143.000000,2091.000000,14391000.000000,13238.000000,13318.000000,48.000000,818.000000,22858200.000000,13211.000000,13248.000000,32.000000,406.000000,30720600.000000,12703.000000,12755.000000,24.000000,79.000000
1664726400.000000,1431000.000000,13248.000000,13304.000000,110724.000000,72962.000000,3850200.000000,13228.000000,13289.000000,1465.000000,4266.000000,6874200.000000,13212.000000,13258.000000,166.000000,2130.000000,14131800.000000,13145.000000,13185.000000,40.000000,819.000000,22599000.000000,13081.000000,13122.000000,24.000000,424.000000,30461400.000000,12600.000000,12605.000000,17.000000,76.000000
1664812800.000000,1344600.000000,13530.000000,13597.000000,91521.000000,75267.000000,3763800.000000,13517.000000,13580.000000,1048.000000,4380.000000,6787800.000000,13490.000000,13541.000000,113.000000,2124.000000,14045400.000000,13458.000000,13497.000000,34.000000,815.000000,22512600.000000,13418.000000,13445.000000,11.000000,435.000000,30375000.000000,12857.000000,12925.000000,27.000000,91.000000
1664899200.000000,1258200.000000,13740.000000,13820.000000,116457.000000,71327.000000,3677400.000000,13742.000000,13800.000000,1832.000000,4469.000000,6701400.000000,13780.000000,13770.000000,246.000000,2130.000000,13959000.000000,13650.000000,13700.000000,58.000000,811.000000,22426200.000000,13630.000000,13656.000000,24.000000,435.000000,30288600.000000,13061.000000,13105.000000,24.000000,93.000000
1664985600.000000,1171800.000000,13932.000000,13869.000000,89623.000000,69607.000000,3591000.000000,13888.000000,13850.000000,1329.000000,4995.000000,6615000.000000,13880.000000,13825.000000,187.000000,2161.000000,13872600.000000,13828.000000,13761.000000,29.000000,820.000000,22339800.000000,13788.000000,13700.000000,9.000000,450.000000,30202200.000000,13135.000000,13135.000000,1.000000,99.000000
1665072000.000000,1085400.000000,13781.000000,13689.000000,81120.000000,68657.000000,3504600.000000,13752.000000,13666.000000,1012.000000,5176.000000,6528600.000000,13700.000000,13644.000000,108.000000,2183.000000,13786200.000000,13652.000000,13591.000000,24.000000,828.000000,22253400.000000,13618.000000,13529.000000,15.000000,455.000000,30115800.000000,13081.000000,12986.000000,12.000000,100.000000
1665417600.000000,739800.000000,13251.000000,13091.000000,132727.000000,72822.000000,3159000.000000,13250.000000,13074.000000,5222.000000,6855.000000,6183000.000000,13220.000000,13040.000000,551.000000,2410.000000,13440600.000000,13216.000000,12982.000000,87.000000,857.000000,21907800.000000,13109.000000,12931.000000,107.000000,468.000000,29770200.000000,12565.000000,12384.000000,50.000000,115.000000
1665504000.000000,653400.000000,13049.000000,13076.000000,111132.000000,68782.000000,3072600.000000,13018.000000,13053.000000,2728.000000,7417.000000,6096600.000000,12986.000000,13029.000000,271.000000,2451.000000,13354200.000000,12952.000000,12971.000000,46.000000,871.000000,21821400.000000,12908.000000,12911.000000,48.000000,485.000000,29683800.000000,12395.000000,12379.000000,16.000000,125.000000
1665590400.000000,567000.000000,13032.000000,12869.000000,125033.000000,70093.000000,2986200.000000,13033.000000,12846.000000,3428.000000,8824.000000,6010200.000000,12986.000000,12812.000000,365.000000,2580.000000,13267800.000000,12942.000000,12800.000000,72.000000,880.000000,21735000.000000,12860.000000,12750.000000,80.000000,467.000000,29597400.000000,12355.000000,12110.000000,15.000000,131.000000
1665676800.000000,480600.000000,13150.000000,13166.000000,101646.000000,66041.000000,2899800.000000,13110.000000,13147.000000,7017.000000,11483.000000,5923800.000000,13071.000000,13091.000000,225.000000,2654.000000,13181400.000000,13025.000000,13034.000000,178.000000,882.000000,21648600.000000,12960.000000,12975.000000,47.000000,485.000000,29511000.000000,12427.000000,12459.000000,7.000000,129.000000
1665936000.000000,221400.000000,12964.000000,12981.000000,138854.000000,49947.000000,2640600.000000,12934.000000,12954.000000,35518.000000,31797.000000,5664600.000000,12908.000000,12933.000000,291.000000,2798.000000,12922200.000000,12852.000000,12870.000000,39.000000,883.000000,21389400.000000,12768.000000,12783.000000,41.000000,483.000000,29251800.000000,12175.000000,12215.000000,8.000000,137.000000
1666022400.000000,135000.000000,13158.000000,13103.000000,125759.000000,32743.000000,2554200.000000,13141.000000,13077.000000,44175.000000,49702.000000,5578200.000000,13100.000000,13046.000000,223.000000,2877.000000,12835800.000000,13051.000000,12991.000000,37.000000,887.000000,21303000.000000,12964.000000,12938.000000,14.000000,483.000000,29165400.000000,12391.000000,12405.000000,7.000000,139.000000
1666108800.000000,48600.000000,13125.000000,12998.000000,69733.000000,17996.000000,2467800.000000,13130.000000,12964.000000,65748.000000,64124.000000,5491800.000000,13064.000000,12935.000000,407.000000,3054.000000,12749400.000000,12997.000000,12885.000000,47.000000,882.000000,21216600.000000,12924.000000,12860.000000,19.000000,478.000000,29079000.000000,12390.000000,12388.000000,8.000000,146.000000
1666195200.000000,2381400.000000,12815.000000,12900.000000,137538.000000,67475.000000,5405400.000000,12805.000000,12870.000000,1373.000000,3345.000000,7824600.000000,12804.000000,12855.000000,123.000000,78.000000,12663000.000000,12716.000000,12817.000000,86.000000,880.000000,21130200.000000,12685.000000,12649.000000,44.000000,467.000000,28992600.000000,12133.000000,12144.000000,19.000000,150.000000
1666281600.000000,2295000.000000,12922.000000,12805.000000,107939.000000,69643.000000,5319000.000000,12890.000000,12775.000000,1136.000000,3544.000000,7738200.000000,12881.000000,12779.000000,88.000000,121.000000,12576600.000000,12817.000000,12723.000000,50.000000,884.000000,21043800.000000,12720.000000,12672.000000,25.000000,463.000000,28906200.000000,12238.000000,12130.000000,8.000000,154.000000
1666540800.000000,2035800.000000,13100.000000,12882.000000,120336.000000,69518.000000,5059800.000000,13084.000000,12852.000000,1588.000000,3705.000000,7479000.000000,12951.000000,12848.000000,107.000000,147.000000,12317400.000000,13025.000000,12805.000000,59.000000,893.000000,20784600.000000,12875.000000,12730.000000,24.000000,486.000000,28647000.000000,12437.000000,12249.000000,14.000000,167.000000
1666627200.000000,1949400.000000,12895.000000,12682.000000,146455.000000,71200.000000,4973400.000000,12866.000000,12662.000000,1690.000000,3942.000000,7392600.000000,12899.000000,12665.000000,142.000000,231.000000,12231000.000000,12820.000000,12625.000000,143.000000,868.000000,20698200.000000,12760.000000,12543.000000,90.000000,494.000000,28560600.000000,12142.000000,12058.000000,40.000000,162.000000
1666713600.000000,1863000.000000,12722.000000,12739.000000,108896.000000,71487.000000,4887000.000000,12711.000000,12715.000000,1423.000000,3905.000000,7306200.000000,12666.000000,12725.000000,44.000000,232.000000,12144600.000000,12650.000000,12675.000000,27.000000,868.000000,20611800.000000,12581.000000,12626.000000,18.000000,487.000000,28474200.000000,12062.000000,12140.000000,22.000000,169.000000
1666800000.000000,1776600.000000,12883.000000,12956.000000,97666.000000,73797.000000,4800600.000000,12850.000000,12926.000000,1190.000000,3941.000000,7219800.000000,12857.000000,12913.000000,119.000000,260.000000,12058200.000000,12811.000000,12857.000000,49.000000,872.000000,20525400.000000,12739.000000,12806.000000,9.000000,492.000000,28387800.000000,12271.000000,12300.000000,8.000000,179.000000
1666886400.000000,1690200.000000,12855.000000,12764.000000,97431.000000,72382.000000,4714200.000000,12828.000000,12744.000000,2015.000000,4738.000000,7133400.000000,12850.000000,12730.000000,54.000000,300.000000,11971800.000000,12786.000000,12689.000000,56.000000,886.000000,20439000.000000,12728.000000,12616.000000,20.000000,488.000000,28301400.000000,12261.000000,12129.000000,14.000000,174.000000
1667145600.000000,1431000.000000,12880.000000,12943.000000,88369.000000,72471.000000,4455000.000000,12875.000000,12919.000000,1026.000000,4857.000000,6874200.000000,12883.000000,12906.000000,101.000000,323.000000,11712600.000000,12835.000000,12867.000000,68.000000,881.000000,20179800.000000,12802.000000,12807.000000,2.000000,495.000000,28042200.000000,12235.000000,12317.000000,5.000000,176.000000
1667232000.000000,1344600.000000,12960.000000,13031.000000,91434.000000,73899.000000,4368600.000000,12920.000000,13007.000000,1651.000000,5206.000000,6787800.000000,12921.000000,12995.000000,103.000000,342.000000,11626200.000000,12877.000000,12950.000000,57.000000,870.000000,20093400.000000,12859.000000,12933.000000,15.000000,513.000000,27955800.000000,12385.000000,12407.000000,39.000000,179.000000
1667318400.000000,1258200.000000,13033.000000,13083.000000,66189.000000,71908.000000,4282200.000000,13007.000000,13054.000000,1265.000000,5400.000000,6701400.000000,13005.000000,13040.000000,66.000000,353.000000,11539800.000000,12955.000000,13001.000000,30.000000,857.000000,20007000.000000,12888.000000,12935.000000,9.000000,526.000000,27869400.000000,12447.000000,12447.000000,1.000000,181.000000
1667404800.000000,1171800.000000,12883.000000,12958.000000,74133.000000,70846.000000,4195800.000000,12855.000000,12926.000000,1300.000000,5654.000000,6615000.000000,12819.000000,12924.000000,56.000000,340.000000,11453400.000000,12799.000000,12878.000000,45.000000,859.000000,19920600.000000,12721.000000,12806.000000,28.000000,509.000000,27783000.000000,12245.000000,12328.000000,11.000000,182.000000
1667491200.000000,1085400.000000,12880.000000,13030.000000,82593.000000,72258.000000,4109400.000000,12859.000000,13000.000000,2023.000000,6053.000000,6528600.000000,12860.000000,12985.000000,70.000000,388.000000,11367000.000000,12805.000000,12938.000000,51.000000,862.000000,19834200.000000,12729.000000,12797.000000,19.000000,506.000000,27696600.000000,12233.000000,12392.000000,12.000000,190.000000
1667750400.000000,826200.000000,13156.000000,13224.000000,95613.000000,73444.000000,3850200.000000,13126.000000,13191.000000,2947.000000,6493.000000,6269400.000000,13111.000000,13178.000000,136.000000,408.000000,11107800.000000,13070.000000,13129.000000,90.000000,877.000000,19575000.000000,12995.000000,13100.000000,71.000000,528.000000,27437400.000000,12500.000000,12581.000000,9.000000,193.000000
1667836800.000000,739800.000000,13312.000000,13334.000000,74647.000000,73474.000000,3763800.000000,13265.000000,13302.000000,2485.000000,6590.000000,6183000.000000,13255.000000,13287.000000,71.000000,415.000000,11021400.000000,13220.000000,13242.000000,69.000000,866.000000,19488600.000000,13162.000000,13178.000000,19.000000,521.000000,27351000.000000,12671.000000,12719.000000,47.000000,202.000000
1667923200.000000,653400.000000,13467.000000,13595.000000,87870.000000,74903.000000,3677400.000000,13435.000000,13558.000000,3026.000000,6793.000000,6096600.000000,13400.000000,13536.000000,128.000000,457.000000,10935000.000000,13361.000000,13494.000000,142.000000,849.000000,19402200.000000,13291.000000,13415.000000,34.000000,534.000000,27264600.000000,12816.000000,12950.000000,18.000000,216.000000
1668009600.000000,567000.000000,13543.000000,13477.000000,71235.000000,69928.000000,3591000.000000,13505.000000,13445.000000,2235.000000,7067.000000,6010200.000000,13487.000000,13442.000000,34.000000,456.000000,10848600.000000,13437.000000,13393.000000,27.000000,845.000000,19315800.000000,13354.000000,13319.000000,13.000000,540.000000,27178200.000000,12860.000000,12860.000000,1.000000,228.000000
1668096000.000000,480600.000000,13965.000000,14058.000000,115281.000000,70976.000000,3504600.000000,13911.000000,14013.000000,8105.000000,10278.000000,5923800.000000,13904.000000,14000.000000,217.000000,584.000000,10762200.000000,13840.000000,13956.000000,105.000000,809.000000,19229400.000000,13772.000000,13857.000000,43.000000,544.000000,27091800.000000,13285.000000,13376.000000,59.000000,241.000000
1668355200.000000,221400.000000,14159.000000,14127.000000,114862.000000,54447.000000,3245400.000000,14123.000000,14079.000000,35746.000000,30775.000000,5664600.000000,14112.000000,14052.000000,249.000000,608.000000,10503000.000000,14063.000000,14015.000000,56.000000,823.000000,18970200.000000,13992.000000,13965.000000,49.000000,526.000000,26832600.000000,13470.000000,13477.000000,9.000000,245.000000
1668441600.000000,135000.000000,14237.000000,14530.000000,140937.000000,32658.000000,3159000.000000,14150.000000,14465.000000,50143.000000,61771.000000,5578200.000000,14138.000000,14438.000000,347.000000,757.000000,10416600.000000,14138.000000,14383.000000,152.000000,851.000000,18883800.000000,14064.000000,14329.000000,28.000000,524.000000,26746200.000000,13511.000000,13776.000000,90.000000,264.000000
1668528000.000000,48600.000000,14620.000000,14499.000000,75223.000000,16390.000000,3072600.000000,14537.000000,14497.000000,66217.000000,68087.000000,5491800.000000,14518.000000,14470.000000,496.000000,950.000000,10330200.000000,14474.000000,14418.000000,73.000000,871.000000,18797400.000000,14410.000000,14335.000000,20.000000,507.000000,26659800.000000,13932.000000,13838.000000,6.000000,283.000000
1668614400.000000,2986200.000000,14471.000000,14513.000000,88530.000000,70630.000000,5405400.000000,14440.000000,14485.000000,740.000000,1085.000000,7824600.000000,14400.000000,14484.000000,49.000000,30.000000,10243800.000000,14400.000000,14439.000000,49.000000,876.000000,18711000.000000,14308.000000,14349.000000,37.000000,509.000000,26573400.000000,13818.000000,13867.000000,12.000000,286.000000
1668700800.000000,2899800.000000,14551.000000,14460.000000,114375.000000,72320.000000,5319000.000000,14523.000000,14441.000000,944.000000,1285.000000,7738200.000000,14530.000000,14422.000000,96.000000,101.000000,10157400.000000,14494.000000,14399.000000,80.000000,904.000000,18624600.000000,14443.000000,14308.000000,13.000000,509.000000,26487000.000000,13906.000000,14018.000000,7.000000,292.000000
1668960000.000000,2640600.000000,14492.000000,14428.000000,80224.000000,73367.000000,5059800.000000,14488.000000,14412.000000,441.000000,1403.000000,7479000.000000,14427.000000,14390.000000,16.000000,107.000000,9898200.000000,14436.000000,14362.000000,34.000000,915.000000,18365400.000000,14300.000000,14270.000000,19.000000,510.000000,26227800.000000,13830.000000,13800.000000,7.000000,295.000000
1669046400.000000,2554200.000000,14457.000000,14505.000000,88314.000000,74935.000000,4973400.000000,14425.000000,14475.000000,646.000000,1425.000000,7392600.000000,14412.000000,14449.000000,50.000000,118.000000,9811800.000000,14359.000000,14438.000000,58.000000,920.000000,18279000.000000,14297.000000,14349.000000,18.000000,515.000000,26141400.000000,13846.000000,13846.000000,8.000000,296.000000
1669132800.000000,2467800.000000,14615.000000,14600.000000,76990.000000,74625.000000,4887000.000000,14608.000000,14575.000000,422.000000,1531.000000,7306200.000000,14565.000000,14572.000000,32.000000,143.000000,9725400.000000,14537.000000,14531.000000,41.000000,925.000000,18192600.000000,14450.000000,14443.000000,18.000000,506.000000,26055000.000000,13944.000000,13944.000000,1.000000,301.000000
1669219200.000000,2381400.000000,14690.000000,14775.000000,77474.000000,79076.000000,4800600.000000,14650.000000,14748.000000,925.000000,1732.000000,7219800.000000,14637.000000,14734.000000,45.000000,174.000000,9639000.000000,14620.000000,14704.000000,123.000000,954.000000,18106200.000000,14532.000000,14600.000000,24.000000,493.000000,25968600.000000,14046.000000,14121.000000,45.000000,313.000000
1669305600.000000,2295000.000000,14769.000000,14703.000000,68961.000000,79739.000000,4714200.000000,14745.000000,14677.000000,1085.000000,2439.000000,7133400.000000,14712.000000,14670.000000,73.000000,180.000000,9552600.000000,14683.000000,14655.000000,49.000000,940.000000,18019800.000000,14588.000000,14550.000000,8.000000,483.000000,25882200.000000,14134.000000,14098.000000,3.000000,329.000000
1669564800.000000,2035800.000000,14550.000000,14475.000000,106570.000000,77453.000000,4455000.000000,14540.000000,14450.000000,1254.000000,2803.000000,6874200.000000,14460.000000,14440.000000,41.000000,223.000000,9293400.000000,14480.000000,14396.000000,93.000000,950.000000,17760600.000000,14384.000000,14380.000000,10.000000,478.000000,25623000.000000,13876.000000,13860.000000,12.000000,333.000000
1669651200.000000,1949400.000000,14470.000000,14658.000000,92020.000000,78907.000000,4368600.000000,14426.000000,14627.000000,720.000000,3042.000000,6787800.000000,14413.000000,14602.000000,37.000000,233.000000,9207000.000000,14374.000000,14580.000000,142.000000,973.000000,17674200.000000,14344.000000,14495.000000,23.000000,479.000000,25536600.000000,13919.000000,14007.000000,12.000000,335.000000
1669737600.000000,1863000.000000,14640.000000,14800.000000,101856.000000,82937.000000,4282200.000000,14610.000000,14771.000000,820.000000,3320.000000,6701400.000000,14599.000000,14747.000000,103.000000,239.000000,9120600.000000,14555.000000,14709.000000,174.000000,993.000000,17587800.000000,14458.000000,14628.000000,33.000000,463.000000,25450200.000000,14066.000000,14143.000000,19.000000,337.000000
1669824000.000000,1776600.000000,15030.000000,14977.000000,109793.000000,82384.000000,4195800.000000,15012.000000,14953.000000,1281.000000,3605.000000,6615000.000000,14966.000000,14922.000000,95.000000,237.000000,9034200.000000,14954.000000,14889.000000,173.000000,1007.000000,17501400.000000,14886.000000,14781.000000,17.000000,440.000000,25363800.000000,14399.000000,14325.000000,39.000000,341.000000
1669910400.000000,1690200.000000,14860.000000,14886.000000,70239.000000,85713.000000,4109400.000000,14823.000000,14858.000000,712.000000,3729.000000,6528600.000000,14801.000000,14830.000000,32.000000,244.000000,8947800.000000,14787.000000,14799.000000,139.000000,1078.000000,17415000.000000,14673.000000,14734.000000,4.000000,439.000000,25277400.000000,14221.000000,14240.000000,4.000000,344.000000
1670169600.000000,1431000.000000,14898.000000,14935.000000,79795.000000,86774.000000,3850200.000000,14870.000000,14903.000000,1099.000000,4094.000000,6269400.000000,14860.000000,14878.000000,105.000000,258.000000,8688600.000000,14822.000000,14842.000000,71.000000,1118.000000,17155800.000000,14798.000000,14766.000000,14.000000,426.000000,25018200.000000,14313.000000,14354.000000,22.000000,344.000000
1670256000.000000,1344600.000000,14874.000000,14675.000000,92759.000000,86942.000000,3763800.000000,14850.000000,14650.000000,1118.000000,4512.000000,6183000.000000,14804.000000,14630.000000,50.000000,261.000000,8602200.000000,14787.000000,14594.000000,151.000000,1201.000000,17069400.000000,14703.000000,14508.000000,12.000000,432.000000,24931800.000000,14244.000000,14049.000000,8.000000,345.000000
1670342400.000000,1258200.000000,14603.000000,14623.000000,106919.000000,84999.000000,3677400.000000,14590.000000,14597.000000,859.000000,4912.000000,6096600.000000,14628.000000,14570.000000,68.000000,256.000000,8515800.000000,14536.000000,14538.000000,89.000000,1216.000000,16983000.000000,14448.000000,14453.000000,23.000000,441.000000,24845400.000000,14101.000000,13971.000000,15.000000,350.000000
1670428800.000000,1171800.000000,14567.000000,14496.000000,99806.000000,84253.000000,3591000.000000,14550.000000,14469.000000,1346.000000,5456.000000,6010200.000000,14499.000000,14461.000000,50.000000,262.000000,8429400.000000,14483.000000,14410.000000,169.000000,1260.000000,16896600.000000,14382.000000,14364.000000,13.000000,434.000000,24759000.000000,13862.000000,13853.000000,20.000000,349.000000
1670515200.000000,1085400.000000,14636.000000,14707.000000,88022.000000,79655.000000,3504600.000000,14612.000000,14672.000000,1348.000000,6241.000000,5923800.000000,14573.000000,14616.000000,90.000000,315.000000,8343000.000000,14537.000000,14618.000000,92.000000,1275.000000,16810200.000000,14500.000000,14527.000000,28.000000,444.000000,24672600.000000,13947.000000,14053.000000,10.000000,345.000000
1670774400.000000,826200.000000,14649.000000,14581.000000,87221.000000,79638.000000,3245400.000000,14605.000000,14550.000000,1410.000000,6518.000000,5664600.000000,14545.000000,14512.000000,35.000000,328.000000,8083800.000000,14553.000000,14498.000000,72.000000,1285.000000,16551000.000000,14448.000000,14400.000000,10.000000,439.000000,24413400.000000,13965.000000,13896.000000,18.000000,350.000000
1670860800.000000,739800.000000,14660.000000,14519.000000,86066.000000,79768.000000,3159000.000000,14635.000000,14482.000000,1922.000000,7362.000000,5578200.000000,14593.000000,14456.000000,41.000000,334.000000,7997400.000000,14573.000000,14431.000000,48.000000,1299.000000,16464600.000000,14441.000000,14333.000000,6.000000,438.000000,24327000.000000,13980.000000,13876.000000,12.000000,354.000000
1670947200.000000,653400.000000,14609.000000,14710.000000,88287.000000,81557.000000,3072600.000000,14562.000000,14656.000000,2229.000000,8630.000000,5491800.000000,14548.000000,14622.000000,75.000000,415.000000,7911000.000000,14500.000000,14590.000000,89.000000,1327.000000,16378200.000000,14447.000000,14506.000000,32.000000,448.000000,24240600.000000,13958.000000,14040.000000,22.000000,359.000000
1671033600.000000,567000.000000,14658.000000,14708.000000,88235.000000,80490.000000,2986200.000000,14600.000000,14657.000000,2793.000000,9074.000000,5405400.000000,14572.000000,14613.000000,67.000000,427.000000,7824600.000000,14506.000000,14598.000000,52.000000,1357.000000,16291800.000000,14416.000000,14533.000000,11.000000,452.000000,24154200.000000,13951.000000,14040.000000,16.000000,361.000000
1671120000.000000,480600.000000,14440.000000,14461.000000,104255.000000,73670.000000,2899800.000000,14380.000000,14421.000000,9168.000000,16429.000000,5319000.000000,14349.000000,14382.000000,70.000000,456.000000,7738200.000000,14313.000000,14358.000000,62.000000,1366.000000,16205400.000000,14250.000000,14252.000000,15.000000,449.000000,24067800.000000,13751.000000,13790.000000,28.000000,344.000000
1671379200.000000,221400.000000,14405.000000,14404.000000,98774.000000,46185.000000,2640600.000000,14359.000000,14364.000000,41900.000000,43910.000000,5059800.000000,14308.000000,14330.000000,82.000000,478.000000,7479000.000000,14263.000000,14296.000000,64.000000,1374.000000,15946200.000000,14266.000000,14197.000000,10.000000,456.000000,23808600.000000,13700.000000,13739.000000,15.000000,343.000000
1671465600.000000,135000.000000,14366.000000,14154.000000,131280.000000,27403.000000,2554200.000000,14328.000000,14125.000000,49234.000000,65895.000000,4973400.000000,14309.000000,14095.000000,161.000000,504.000000,7392600.000000,14273.000000,14056.000000,109.000000,1398.000000,15859800.000000,14172.000000,13968.000000,35.000000,460.000000,23722200.000000,13716.000000,13500.000000,39.000000,336.000000
1671552000.000000,48600.000000,14210.000000,14219.000000,48935.000000,12604.000000,2467800.000000,14172.000000,14165.000000,42605.000000,74836.000000,4887000.000000,14134.000000,14136.000000,177.000000,547.000000,7306200.000000,14114.000000,14101.000000,83.000000,1415.000000,15773400.000000,14060.000000,13997.000000,12.000000,469.000000,23635800.000000,13602.000000,13537.000000,26.000000,297.000000
1671638400.000000,2381400.000000,14311.000000,14377.000000,71964.000000,80249.000000,4800600.000000,14274.000000,14342.000000,550.000000,748.000000,7219800.000000,14235.000000,14300.000000,87.000000,1449.000000,15687000.000000,14162.000000,14206.000000,20.000000,472.000000,23549400.000000,13667.000000,13736.000000,12.000000,276.000000,31411800.000000,13632.000000,13671.000000,10.000000,4.000000
1671724800.000000,2295000.000000,14168.000000,14190.000000,72919.000000,79350.000000,4714200.000000,14153.000000,14154.000000,489.000000,898.000000,7133400.000000,14112.000000,14129.000000,31.000000,1459.000000,15600600.000000,13988.000000,14062.000000,26.000000,477.000000,23463000.000000,13506.000000,13559.000000,2.000000,272.000000,31325400.000000,13451.000000,13485.000000,23.000000,10.000000
1671984000.000000,2035800.000000,14196.000000,14245.000000,35315.000000,79480.000000,4455000.000000,14167.000000,14211.000000,337.000000,989.000000,6874200.000000,14142.000000,14176.000000,31.000000,1475.000000,15341400.000000,14038.000000,14077.000000,25.000000,477.000000,23203800.000000,13628.000000,13572.000000,2.000000,272.000000,31066200.000000,13500.000000,13522.000000,13.000000,11.000000
1672070400.000000,1949400.000000,14295.000000,14303.000000,65334.000000,80674.000000,4368600.000000,14257.000000,14272.000000,499.000000,1029.000000,6787800.000000,14242.000000,14233.000000,83.000000,1507.000000,15255000.000000,14148.000000,14129.000000,17.000000,473.000000,23117400.000000,13670.000000,13660.000000,6.000000,275.000000,30979800.000000,13634.000000,13572.000000,2.000000,13.000000
1672156800.000000,1863000.000000,14190.000000,14110.000000,84583.000000,81506.000000,4282200.000000,14172.000000,14080.000000,701.000000,1156.000000,6701400.000000,14110.000000,14053.000000,71.000000,1514.000000,15168600.000000,13995.000000,13951.000000,58.000000,473.000000,23031000.000000,13496.000000,13470.000000,28.000000,275.000000,30893400.000000,13461.000000,13390.000000,24.000000,17.000000
1672243200.000000,1776600.000000,13960.000000,14032.000000,78436.000000,79478.000000,4195800.000000,13944.000000,14005.000000,631.000000,1168.000000,6615000.000000,13900.000000,13967.000000,111.000000,1383.000000,15082200.000000,13800.000000,13882.000000,59.000000,482.000000,22944600.000000,13345.000000,13421.000000,4.000000,271.000000,30807000.000000,13265.000000,13326.000000,10.000000,30.000000
1672329600.000000,1690200.000000,14193.000000,14134.000000,61365.000000,77999.000000,4109400.000000,14171.000000,14097.000000,472.000000,1268.000000,6528600.000000,14118.000000,14059.000000,82.000000,1381.000000,14995800.000000,14030.000000,13960.000000,32.000000,479.000000,22858200.000000,13543.000000,13490.000000,3.000000,270.000000,30720600.000000,13472.000000,13425.000000,3.000000,22.000000